sheet,excel_row,source_id,no,season,making,type,project,picture,size_range,qty,material,colour,remarks,season_normalized,making_normalized,type_normalized,project_normalized
WINTER HEEL,3,WINTER HEEL::3,1,WINTER,CONVYER,LADIES,1388,.,37,.,HEEL,.,,WINTER,CONVEYOR,LADIES,1388
WINTER HEEL,4,WINTER HEEL::4,2,WINTER / SUMMER,CONVYER,LADIES,7026,.,37,.,HEEL,.,,WINTER / SUMMER,CONVEYOR,LADIES,7026
WINTER HEEL,5,WINTER HEEL::5,3,WINTER / SUMMER,CONVYER,LADIES,7029,.,37/M,.,HEEL,.,,WINTER / SUMMER,CONVEYOR,LADIES,7029
WINTER HEEL,6,WINTER HEEL::6,4,WINTER / SUMMER,CONVYER,LADIES,"SLIP
(40179)",.,37,.,HEEL,.,,WINTER / SUMMER,CONVEYOR,LADIES,SLIP (40179)
WINTER HEEL,7,WINTER HEEL::7,5,WINTER / SUMMER,CONVYER,LADIES,Breeze,.,37,.,HEEL,.,,WINTER / SUMMER,CONVEYOR,LADIES,BREEZE
WINTER HEEL,8,WINTER HEEL::8,6,WINTER,CONVYER,LADIES,CAPRI,.,37,.,TPR + HEEL,.,,WINTER,CONVEYOR,LADIES,CAPRI
WINTER HEEL,9,WINTER HEEL::9,7,WINTER,CONVYER,LADIES,Magnum,.,37,.,TPR,.,,WINTER,CONVEYOR,LADIES,MAGNUM
WINTER HEEL,10,WINTER HEEL::10,8,WINTER,CONVYER,LADIES,CARA,.,37,.,TPR,.,,WINTER,CONVEYOR,LADIES,CARA
WINTER HEEL,11,WINTER HEEL::11,9,WINTER / SUMMER,CONVYER,LADIES,KELLY,.,37,.,HEEL,.,,WINTER / SUMMER,CONVEYOR,LADIES,KELLY
WINTER HEEL,12,WINTER HEEL::12,10,WINTER / SUMMER,CONVYER,LADIES,Reef,.,37/M,.,HEEL,.,,WINTER / SUMMER,CONVEYOR,LADIES,REEF
WINTER HEEL,13,WINTER HEEL::13,11,WINTER,CONVYER,LADIES,BLINDA,.,37/M,.,TPR+Heel,.,,WINTER,CONVEYOR,LADIES,BLINDA
WINTER HEEL,14,WINTER HEEL::14,12,WINTER / SUMMER,CONVYER,LADIES,Zeeta paint,.,37/M,.,HEEL,.,,WINTER / SUMMER,CONVEYOR,LADIES,ZEETA PAINT
WINTER HEEL,15,WINTER HEEL::15,13,WINTER / SUMMER,CONVYER,LADIES,ORION,.,37/M,.,HEEL,.,,WINTER / SUMMER,CONVEYOR,LADIES,ORION
WINTER HEEL,16,WINTER HEEL::16,14,WINTER / SUMMER,CONVYER,LADIES,C-Height,,37/M,.,HEEL,.,,WINTER / SUMMER,CONVEYOR,LADIES,C-HEIGHT
WINTER HEEL,17,WINTER HEEL::17,15,WINTER / SUMMER,CONVYER,LADIES,River,.,37/M,.,HEEL,.,,WINTER / SUMMER,CONVEYOR,LADIES,RIVER
WINTER HEEL,18,WINTER HEEL::18,16,WINTER / SUMMER,CONVYER,LADIES,KIZA,.,37/M,.,HEEL,.,,WINTER / SUMMER,CONVEYOR,LADIES,KIZA
WINTER HEEL,19,WINTER HEEL::19,17,WINTER / SUMMER,CONVYER,LADIES,ROZY,.,37/M,.,HEEL,.,,WINTER / SUMMER,CONVEYOR,LADIES,ROZY
WINTER HEEL,20,WINTER HEEL::20,18,WINTER,CONVYER,LADIES,MOROCO,.,37,.,TPR,.,,WINTER,CONVEYOR,LADIES,MOROCO
WINTER HEEL,21,WINTER HEEL::21,19,WINTER,CONVYER,LADIES,BOLD,Picture,36-42,7,TPR,Beige and Black,,WINTER,CONVEYOR,LADIES,BOLD
WINTER HEEL,22,WINTER HEEL::22,20,WINTER,CONVYER,LADIES,"VINCI
WINTER",Picture,36-42,7,TPR,Beige and Black,,WINTER,CONVEYOR,LADIES,VINCI WINTER
WINTER HEEL,23,WINTER HEEL::23,21,WINTER,CONVYER,LADIES,Stellar/Sofia,.,37/M,.,HEEL,.,,WINTER,CONVEYOR,LADIES,STELLAR/SOFIA
WINTER HEEL,24,WINTER HEEL::24,22,WINTER,CONVYER,LADIES,Cuba/Ariana,.,37/M,.,WEDGE,.,,WINTER,CONVEYOR,LADIES,CUBA/ARIANA
WINTER HEEL,25,WINTER HEEL::25,23,WINTER,CONVYER,LADIES,Aurora/Camila,.,37/M,.,HEEL,.,,WINTER,CONVEYOR,LADIES,AURORA/CAMILA
WINTER HEEL,26,WINTER HEEL::26,24,WINTER,CONVYER,LADIES,Nova/Austin,.,37/M,.,HEEL,.,,WINTER,CONVEYOR,LADIES,NOVA/AUSTIN
WINTER HEEL,27,WINTER HEEL::27,25,WINTER,CONVYER,LADIES,Lyra,.,37/M,.,HEEL,.,,WINTER,CONVEYOR,LADIES,LYRA
WINTER HEEL,28,WINTER HEEL::28,26,WINTER,CONVYER,LADIES,Luna,.,37/M,.,HEEL,.,,WINTER,CONVEYOR,LADIES,LUNA
WINTER HEEL,29,WINTER HEEL::29,27,WINTER,CONVYER,LADIES,Selene,.,37/M,.,HEEL,.,,WINTER,CONVEYOR,LADIES,SELENE
WINTER HEEL,30,WINTER HEEL::30,28,WINTER,CONVYER,LADIES,Draco,.,37/M,.,HEEL,.,,WINTER,CONVEYOR,LADIES,DRACO
WINTER FLAT,3,WINTER FLAT::3,1,WINTER,CONVYER,LADIES,LESTON,Picture,37,.,Rubber,Black,,WINTER,CONVEYOR,LADIES,LESTON
WINTER FLAT,4,WINTER FLAT::4,2,WINTER,CONVYER,LADIES,MONICA,Picture, 36-42  ,7,TPR,Beige and Black,,WINTER,CONVEYOR,LADIES,MONICA
WINTER FLAT,5,WINTER FLAT::5,3,WINTER,CONVYER,LADIES,RAVI,Picture,36-42,7,TPR,Beige and Black,,WINTER,CONVEYOR,LADIES,RAVI
WINTER FLAT,6,WINTER FLAT::6,4,WINTER,CONVYER,KIDS,RAVI,Picture,36-42,7,TPR,Beige and Black,,WINTER,CONVEYOR,KIDS,RAVI
WINTER FLAT,7,WINTER FLAT::7,5,WINTER,CONVYER,LADIES,PULSE,Picture,36-42,7,TPR,Beige and Black,,WINTER,CONVEYOR,LADIES,PULSE
WINTER FLAT,8,WINTER FLAT::8,6,WINTER,CONVYER,LADIES,INSIG,Picture,36-42,7,TPR,Beige and Black,,WINTER,CONVEYOR,LADIES,INSIG
WINTER FLAT,9,WINTER FLAT::9,7,WINTER,CONVYER,LADIES,QUEST,Picture,36-42,7,TPR,Beige and Black,,WINTER,CONVEYOR,LADIES,QUEST
WINTER FLAT,10,WINTER FLAT::10,8,WINTER,CONVYER,LADIES,BLOOM,Picture,36-42,7,TPR,Beige and Black,,WINTER,CONVEYOR,LADIES,BLOOM
WINTER FLAT,11,WINTER FLAT::11,9,WINTER,CONVYER,LADIES,FLUX,Picture,28-35,8,TPR,Beige and Black,,WINTER,CONVEYOR,LADIES,FLUX
WINTER FLAT,12,WINTER FLAT::12,10,WINTER,CONVYER,LADIES,TIDE,Picture,28-36,8,TPR,Beige and Black,,WINTER,CONVEYOR,LADIES,TIDE
WINTER FLAT,13,WINTER FLAT::13,11,WINTER,CONVYER,LADIES,SPIRAL,Picture,36-42,7,TPR,BLACK,,WINTER,CONVEYOR,LADIES,SPIRAL
WINTER FLAT,14,WINTER FLAT::14,12,WINTER,CONVYER,LADIES,COUNTRY,Picture,42,Proto,TPR,Beige and Black,,WINTER,CONVEYOR,LADIES,COUNTRY
WINTER FLAT,15,WINTER FLAT::15,13,WINTER,CONVYER,LADIES,SOLENT,Picture,42,Proto,TPR,Beige and Black,,WINTER,CONVEYOR,LADIES,SOLENT
WINTER FLAT,16,WINTER FLAT::16,14,WINTER,CONVYER,LADIES,HASTING,Picture,37,Proto,TPR,Beige and Black,,WINTER,CONVEYOR,LADIES,HASTING
WINTER FLAT,17,WINTER FLAT::17,15,WINTER,CONVYER,LADIES,BUGATTI,Picture,42,Proto,TPR,Beige and Black,,WINTER,CONVEYOR,LADIES,BUGATTI
WINTER FLAT,18,WINTER FLAT::18,16,WINTER,CONVYER,LADIES,NAPIER,Picture,37,Proto,TPR,Beige and Black,,WINTER,CONVEYOR,LADIES,NAPIER
WINTER FLAT,19,WINTER FLAT::19,17,WINTER,CONVYER,LADIES,SCENT,Picture,36-42,7,TPR,"""",,WINTER,CONVEYOR,LADIES,SCENT
WINTER FLAT,20,WINTER FLAT::20,18,WINTER,CONVYER,LADIES,BEE,.,37,.,TPR,.,,WINTER,CONVEYOR,LADIES,BEE
WINTER FLAT,21,WINTER FLAT::21,19,WINTER,CONVYER,LADIES,MM2,Picture,"28-35,36-42",15,TPR,"""",,WINTER,CONVEYOR,LADIES,MM2
WINTER FLAT,22,WINTER FLAT::22,20,WINTER,CONVYER,KIDS,MM2,Picture,"28-35,36-42",15,TPR,"""",,WINTER,CONVEYOR,KIDS,MM2
WINTER FLAT,23,WINTER FLAT::23,21,WINTER,CONVYER,LADIES,GLOW-24,.,37,.,Two Colour tpr,.,,WINTER,CONVEYOR,LADIES,GLOW-24
WINTER FLAT,24,WINTER FLAT::24,22,WINTER,CONVYER,LADIES,BLADE,.,37,.,TPR,.,,WINTER,CONVEYOR,LADIES,BLADE
WINTER FLAT,25,WINTER FLAT::25,23,WINTER,CONVYER,LADIES,DRIVING MOCC,.,37,.,TPR,.,,WINTER,CONVEYOR,LADIES,DRIVING MOCC
WINTER FLAT,26,WINTER FLAT::26,24,WINTER,CONVYER,LADIES,PVC BLADE,.,37,.,PVC,.,,WINTER,CONVEYOR,LADIES,PVC BLADE
WINTER FLAT,27,WINTER FLAT::27,25,WINTER,CONVYER,LADIES,OYNX,.,37,.,TPR,.,,WINTER,CONVEYOR,LADIES,OYNX
WINTER FLAT,28,WINTER FLAT::28,26,WINTER,CONVYER,LADIES,LECCE,Picture,37,Proto,TPR,Beige and Black,,WINTER,CONVEYOR,LADIES,LECCE
WINTER PU,3,WINTER PU::3,1,WINTER,CONVYER,LADIES,ELEGANCE,Picture,36-41,6,PU,BLACK,,WINTER,CONVEYOR,LADIES,ELEGANCE
WINTER PU,4,WINTER PU::4,2,WINTER,CONVYER,LADIES,BICA,.,37,.,PU,.,,WINTER,CONVEYOR,LADIES,BICA
WINTER PU,5,WINTER PU::5,3,WINTER,CONVYER,LADIES,CHUNKI / ZENKA,.,37,.,PU,.,,WINTER,CONVEYOR,LADIES,CHUNKI / ZENKA
WINTER PU,6,WINTER PU::6,4,WINTER,CONVYER,LADIES,MILA,.,37,.,TPU,.,,WINTER,CONVEYOR,LADIES,MILA
WINTER DIP PU,3,WINTER DIP PU::3,1,WINTER,DIP,KIDS,ARIA ,Picture,26-37,12,PU Shoe,BLACK,Mold Not Ok,WINTER,DIP,KIDS,ARIA
WINTER DIP PU,4,WINTER DIP PU::4,2,WINTER,DIP,KIDS,KIAN,Picture,26-37,12,PU Shoe,CREAM,Mold Not Ok,WINTER,DIP,KIDS,KIAN
WINTER DIP PU,5,WINTER DIP PU::5,3,WINTER,DIP,KIDS,MASON,Picture,26-37,12,PU Shoe,BLACK,Mold Not Ok,WINTER,DIP,KIDS,MASON
WINTER DIP PU,6,WINTER DIP PU::6,4,WINTER,DIP,LADIES,DELAA,Picture,37,Proto,PU Shoe,BEIGE/WHITE,Double Color,WINTER,DIP,LADIES,DELAA
WINTER DIP PU,7,WINTER DIP PU::7,5,WINTER,DIP,LADIES,MERCURY,Picture,37,.,PU Shoe,BLACK,,WINTER,DIP,LADIES,MERCURY
WINTER DIP PU,8,WINTER DIP PU::8,6,WINTER,DIP,LADIES,MARS,Picture,37,.,PU Shoe,BLACK,,WINTER,DIP,LADIES,MARS
WINTER DIP PU,9,WINTER DIP PU::9,7,WINTER,DIP,LADIES,JUPITER,Picture,37,.,PU Shoe,BLACK,,WINTER,DIP,LADIES,JUPITER
WINTER DIP PVC,3,WINTER DIP PVC::3,1,WINTER,DIP,KIDS,Casper,Picture,26-37,24,PVC,WHITE,XINGZHONG,WINTER,DIP,KIDS,CASPER
WINTER DIP PVC,4,WINTER DIP PVC::4,2,WINTER,DIP,KIDS,Dora,Picture,26-37,24,PVC,WHITE,XINGZHONG,WINTER,DIP,KIDS,DORA
WINTER DIP PVC,5,WINTER DIP PVC::5,3,WINTER,DIP,KIDS,SKATE,Picture,26-37,12,PVC,WHITE,BENLONG,WINTER,DIP,KIDS,SKATE
WINTER DIP PVC,6,WINTER DIP PVC::6,4,WINTER,DIP,LADIES,RIVO,Picture,36-41,12,PVC,WHITE,BENLONG,WINTER,DIP,LADIES,RIVO
WINTER DIP PVC,7,WINTER DIP PVC::7,5,WINTER,DIP,LADIES,BRIGHT,Picture,36-41,12,PVC,WHITE/BEIGE,BENLONG,WINTER,DIP,LADIES,BRIGHT
WINTER DIP PVC,8,WINTER DIP PVC::8,6,WINTER,DIP,LADIES,WAX,Picture,36-41,12,PVC,WHITE,BENLONG,WINTER,DIP,LADIES,WAX
WINTER DIP PVC,9,WINTER DIP PVC::9,7,WINTER,DIP,LADIES,PRISIM,Picture,36 -41,12pair,PVC,WHITE,XINGZHONG,WINTER,DIP,LADIES,PRISIM
WINTER DIP PVC,10,WINTER DIP PVC::10,8,WINTER,DIP,LADIES,VIVID,Picture,36 -41,12pair,PVC,BLACK,XINGZHONG,WINTER,DIP,LADIES,VIVID
WINTER DIP PVC,11,WINTER DIP PVC::11,9,WINTER,DIP,LADIES,VOGUE,Picture,36 -41,12pair,PVC,WHITE,XINGZHONG,WINTER,DIP,LADIES,VOGUE
WINTER DIP PVC,12,WINTER DIP PVC::12,10,WINTER,DIP,LADIES,ECHO,Picture,36 -41,12pair,PVC,BLACK,XINGZHONG,WINTER,DIP,LADIES,ECHO
WINTER DIP PVC,13,WINTER DIP PVC::13,11,WINTER,DIP,LADIES,ESSENCE,Picture,36 -41,12pair,PVC,BLACK,XINGZHONG,WINTER,DIP,LADIES,ESSENCE
WINTER DIP PVC,14,WINTER DIP PVC::14,12,WINTER,DIP,LADIES,NOVA,Picture,36 -41,12pair,PVC,WHITE,XINGZHONG,WINTER,DIP,LADIES,NOVA
WINTER DIP PVC,15,WINTER DIP PVC::15,13,WINTER,DIP,LADIES,JETTY,Picture,36-41,.,PVC,BLACK,BENLONG,WINTER,DIP,LADIES,JETTY
WINTER DIP PVC,16,WINTER DIP PVC::16,14,WINTER,DIP,LADIES,JAFNA,Picture,36-41,.,PVC,BLACK,BENLONG,WINTER,DIP,LADIES,JAFNA
WINTER DIP PVC,17,WINTER DIP PVC::17,15,WINTER,DIP,LADIES,JAIN,,36-41,.,PVC,WHITE,BENLONG,WINTER,DIP,LADIES,JAIN
WINTER DIP PVC,18,WINTER DIP PVC::18,16,WINTER,DIP,KIDS,BENNY-K,,28-35,.,PVC,BLACK,BENLONG,WINTER,DIP,KIDS,BENNY-K
WINTER DIP PVC,19,WINTER DIP PVC::19,17,WINTER,DIP,GENTS,25009,Picture,42,"1pair
PROTO",PVC,WHITE,"LAYER BENLONG
MAIN SHOE XINGZHONG",WINTER,DIP,GENTS,25009
WINTER DIP PVC,20,WINTER DIP PVC::20,18,WINTER,DIP,KIDS,HOPE,Picture,31,"1pair
PROTO",PVC,WHITE,BENLONG,WINTER,DIP,KIDS,HOPE
WINTER DIP PVC,21,WINTER DIP PVC::21,19,WINTER,DIP,KIDS,BERENA,Picture,31,"1pair
PROTO",PVC,WHITE,BENLONG,WINTER,DIP,KIDS,BERENA
WINTER DIP PVC,22,WINTER DIP PVC::22,20,WINTER,DIP,LADIES,ASOLO,Picture,37,"1pair
PROTO",PVC,WHITE,BENLONG,WINTER,DIP,LADIES,ASOLO
WINTER DIP PVC,23,WINTER DIP PVC::23,21,WINTER,DIP,LADIES,BOZEN,Picture,37,"1pair
PROTO",PVC,CREAM,BENLONG,WINTER,DIP,LADIES,BOZEN
WINTER DIP PVC,24,WINTER DIP PVC::24,22,WINTER,DIP,KIDS,AMALIA,Picture,26-37,24,PVC,.,XINGZHONG,WINTER,DIP,KIDS,AMALIA
WINTER DIP PVC,25,WINTER DIP PVC::25,23,WINTER,DIP,KIDS,RIVER,Picture,26-37,24,PVC,.,XINGZHONG,WINTER,DIP,KIDS,RIVER
WINTER DIP PVC,26,WINTER DIP PVC::26,24,WINTER,DIP,KIDS,LIAM,Picture,26-37,24,PVC,.,XINGZHONG,WINTER,DIP,KIDS,LIAM
WINTER DIP PVC,27,WINTER DIP PVC::27,25,WINTER,DIP,KIDS,ALINA,Picture,26-37,24,PVC,.,XINGZHONG,WINTER,DIP,KIDS,ALINA
WINTER DIP PVC,28,WINTER DIP PVC::28,26,WINTER,DIP,KIDS,MARIA,Picture,26-37,24,PVC,.,XINGZHONG,WINTER,DIP,KIDS,MARIA
SUMMER HEEL,3,SUMMER HEEL::3,1,WINTER / SUMMER,CONVYER,LADIES,7026,.,37,.,HEEL,.,,WINTER / SUMMER,CONVEYOR,LADIES,7026
SUMMER HEEL,4,SUMMER HEEL::4,2,WINTER / SUMMER,CONVYER,LADIES,"SLIP
(40179)",.,37,.,HEEL,.,,WINTER / SUMMER,CONVEYOR,LADIES,SLIP (40179)
SUMMER HEEL,5,SUMMER HEEL::5,3,WINTER / SUMMER,CONVYER,LADIES,Breeze,.,37,.,HEEL,.,,WINTER / SUMMER,CONVEYOR,LADIES,BREEZE
SUMMER HEEL,6,SUMMER HEEL::6,4,SUMMER,CONVYER,LADIES,7070,.,37,.,HEEL,.,,SUMMER,CONVEYOR,LADIES,7070
SUMMER HEEL,7,SUMMER HEEL::7,5,SUMMER,CONVYER,LADIES,714,.,37,.,HEEL,.,,SUMMER,CONVEYOR,LADIES,714
SUMMER HEEL,8,SUMMER HEEL::8,6,WINTER / SUMMER,CONVYER,LADIES,KELLY,.,37,.,HEEL,.,,WINTER / SUMMER,CONVEYOR,LADIES,KELLY
SUMMER HEEL,9,SUMMER HEEL::9,7,SUMMER,CONVYER,LADIES,3232,.,37/M,.,HEEL,.,,SUMMER,CONVEYOR,LADIES,3232
SUMMER HEEL,10,SUMMER HEEL::10,8,SUMMER,CONVYER,LADIES,Bonita,.,37/M,.,HEEL,.,,SUMMER,CONVEYOR,LADIES,BONITA
SUMMER HEEL,11,SUMMER HEEL::11,9,WINTER / SUMMER,CONVYER,LADIES,Reef,.,37/M,.,HEEL,.,,WINTER / SUMMER,CONVEYOR,LADIES,REEF
SUMMER HEEL,12,SUMMER HEEL::12,10,WINTER / SUMMER,CONVYER,LADIES,Zeeta paint,.,37/M,.,HEEL,.,,WINTER / SUMMER,CONVEYOR,LADIES,ZEETA PAINT
SUMMER HEEL,13,SUMMER HEEL::13,11,SUMMER,CONVYER,LADIES,ZETA R,Picture,37,Proto,TPR,Black,,SUMMER,CONVEYOR,LADIES,ZETA R
SUMMER HEEL,14,SUMMER HEEL::14,12,SUMMER,CONVYER,LADIES,ZETA T,Picture,37,Proto,TPR,Black,,SUMMER,CONVEYOR,LADIES,ZETA T
SUMMER HEEL,15,SUMMER HEEL::15,13,WINTER / SUMMER,CONVYER,LADIES,ORION,.,37/M,.,HEEL,.,,WINTER / SUMMER,CONVEYOR,LADIES,ORION
SUMMER HEEL,16,SUMMER HEEL::16,14,WINTER / SUMMER,CONVYER,LADIES,River,.,37/M,.,HEEL,.,,WINTER / SUMMER,CONVEYOR,LADIES,RIVER
SUMMER HEEL,17,SUMMER HEEL::17,15,SUMMER,CONVYER,LADIES,2927,.,37/M,.,HEEL,.,,SUMMER,CONVEYOR,LADIES,2927
SUMMER HEEL,18,SUMMER HEEL::18,16,WINTER / SUMMER,CONVYER,LADIES,7029,.,37/M,.,HEEL,.,,WINTER / SUMMER,CONVEYOR,LADIES,7029
SUMMER HEEL,19,SUMMER HEEL::19,17,SUMMER,CONVYER,LADIES,Star,.,37/M,.,HEEL,.,,SUMMER,CONVEYOR,LADIES,STAR
SUMMER HEEL,20,SUMMER HEEL::20,18,SUMMER,CONVYER,LADIES,7046,.,37/M,.,HEEL,.,,SUMMER,CONVEYOR,LADIES,7046
SUMMER HEEL,21,SUMMER HEEL::21,19,WINTER / SUMMER,CONVYER,LADIES,C-Height,,37/M,.,HEEL,.,,WINTER / SUMMER,CONVEYOR,LADIES,C-HEIGHT
SUMMER HEEL,22,SUMMER HEEL::22,20,WINTER / SUMMER,CONVYER,LADIES,Cara,.,37/M,.,HEEL+TPR,.,,WINTER / SUMMER,CONVEYOR,LADIES,CARA
SUMMER HEEL,23,SUMMER HEEL::23,21,WINTER / SUMMER,CONVYER,LADIES,40179,.,37/M,.,HEEL,.,,WINTER / SUMMER,CONVEYOR,LADIES,40179
SUMMER HEEL,24,SUMMER HEEL::24,22,SUMMER,CONVYER,LADIES,C-15,.,37/M,.,HEEL,.,,SUMMER,CONVEYOR,LADIES,C-15
SUMMER HEEL,25,SUMMER HEEL::25,23,SUMMER,CONVYER,LADIES,BRIGHT,.,37/M,.,HEEL,.,,SUMMER,CONVEYOR,LADIES,BRIGHT
SUMMER HEEL,26,SUMMER HEEL::26,24,WINTER / SUMMER,CONVYER,LADIES,KIZA,.,37/M,.,HEEL,.,,WINTER / SUMMER,CONVEYOR,LADIES,KIZA
SUMMER HEEL,27,SUMMER HEEL::27,25,SUMMER,CONVYER,LADIES,Apple,.,37/M,.,Heel,.,,SUMMER,CONVEYOR,LADIES,APPLE
SUMMER HEEL,28,SUMMER HEEL::28,26,SUMMER,CONVYER,LADIES,XY-521,.,37/M,.,HEEL/PlatForm,.,,SUMMER,CONVEYOR,LADIES,XY-521
SUMMER HEEL,29,SUMMER HEEL::29,27,SUMMER,CONVYER,LADIES,Lia-Wedge,.,37/M,.,Wedge Sole,.,,SUMMER,CONVEYOR,LADIES,LIA-WEDGE
SUMMER HEEL,30,SUMMER HEEL::30,28,WINTER / SUMMER,CONVYER,LADIES,ROZY,.,37/M,.,HEEL,.,,WINTER / SUMMER,CONVEYOR,LADIES,ROZY
SUMMER HEEL,31,SUMMER HEEL::31,29,SUMMER,CONVYER,LADIES,SHANGRILLA,.,37/M,.,HEEL,.,,SUMMER,CONVEYOR,LADIES,SHANGRILLA
SUMMER HEEL,32,SUMMER HEEL::32,30,WINTER,CONVYER,LADIES,BLUE,.,37/M,.,HEEL,.,,WINTER,CONVEYOR,LADIES,BLUE
SUMMER HEEL,33,SUMMER HEEL::33,31,SUMMER,CONVYER,LADIES,1263,.,37/M,.,HEEL,.,,SUMMER,CONVEYOR,LADIES,1263
SUMMER HEEL,34,SUMMER HEEL::34,32,SUMMER,CONVYER,LADIES,888-8,.,37/M,.,HEEL,.,,SUMMER,CONVEYOR,LADIES,888-8
SUMMER HEEL,35,SUMMER HEEL::35,33,SUMMER,CONVYER,LADIES,6989,.,37/M,.,HEEL,.,,SUMMER,CONVEYOR,LADIES,6989
SUMMER HEEL,36,SUMMER HEEL::36,34,SUMMER,CONVYER,LADIES,7303,.,37/M,.,HEEL,.,,SUMMER,CONVEYOR,LADIES,7303
SUMMER HEEL,37,SUMMER HEEL::37,35,SUMMER,CONVYER,LADIES,22043,.,37/M,.,HEEL,.,,SUMMER,CONVEYOR,LADIES,22043
SUMMER HEEL,38,SUMMER HEEL::38,36,SUMMER,CONVYER,LADIES,TALLY,.,37/M,.,Wedge,.,,SUMMER,CONVEYOR,LADIES,TALLY
SUMMER FLAT,3,SUMMER FLAT::3,1,SUMMER,CONVYER,LADIES,GLIP,Picture,"28-35
36-44",17,TPR,Beige and Black,,SUMMER,CONVEYOR,LADIES,GLIP
SUMMER FLAT,4,SUMMER FLAT::4,2,SUMMER,CONVYER,LADIES,BAYLA,Picture,36-41,6,TPR,Beige and Black,,SUMMER,CONVEYOR,LADIES,BAYLA
SUMMER FLAT,5,SUMMER FLAT::5,3,SUMMER,CONVYER,LADIES,RENERA,Picture,36-41,6,TPR,Beige and Black,,SUMMER,CONVEYOR,LADIES,RENERA
SUMMER FLAT,6,SUMMER FLAT::6,4,SUMMER,CONVYER,LADIES,VOILET,Picture,36-42,7,TPR,Black,,SUMMER,CONVEYOR,LADIES,VOILET
SUMMER FLAT,7,SUMMER FLAT::7,5,SUMMER,CONVYER,LADIES,LEAVI,Picture,6,Proto,TPR,Black,,SUMMER,CONVEYOR,LADIES,LEAVI
SUMMER FLAT,8,SUMMER FLAT::8,6,SUMMER,CONVYER,LADIES,GL006,Picture,6,Proto,TPR,Black,,SUMMER,CONVEYOR,LADIES,GL006
SUMMER FLAT,9,SUMMER FLAT::9,7,WINTER,CONVYER,LADIES,CAPRICE,Picture,38,Proto,TPR,Black,,WINTER,CONVEYOR,LADIES,CAPRICE
SUMMER FLAT,10,SUMMER FLAT::10,8,SUMMER,CONVYER,LADIES,8680,Picture,36-41,6,TPR,BLACK+BROWN,,SUMMER,CONVEYOR,LADIES,8680
SUMMER FLAT,11,SUMMER FLAT::11,9,SUMMER,CONVYER,LADIES,8681,Picture,36-41,6,TPR,"""",,SUMMER,CONVEYOR,LADIES,8681
SUMMER FLAT,12,SUMMER FLAT::12,10,SUMMER,CONVYER,LADIES,DRIFT,Picture,36-41,6,TPR,"""",,SUMMER,CONVEYOR,LADIES,DRIFT
SUMMER FLAT,13,SUMMER FLAT::13,11,SUMMER,CONVYER,LADIES,LAVA,Picture,36-41,6,TPR,"""",,SUMMER,CONVEYOR,LADIES,LAVA
SUMMER FLAT,14,SUMMER FLAT::14,12,SUMMER,CONVYER,LADIES,BELGIUM,Picture,36-42,7,TPR,"""",,SUMMER,CONVEYOR,LADIES,BELGIUM
SUMMER FLAT,15,SUMMER FLAT::15,13,SUMMER,CONVYER,LADIES,TOGO,Picture,36-41,6,TPR,"""",,SUMMER,CONVEYOR,LADIES,TOGO
SUMMER FLAT,16,SUMMER FLAT::16,14,SUMMER,CONVYER,LADIES,TROUT,Picture,36-42,7,TPR,"""",,SUMMER,CONVEYOR,LADIES,TROUT
SUMMER FLAT,17,SUMMER FLAT::17,15,SUMMER,CONVYER,LADIES,Renela,.,37/M,.,TPR,.,,SUMMER,CONVEYOR,LADIES,RENELA
SUMMER FLAT,18,SUMMER FLAT::18,16,SUMMER,CONVYER,LADIES,Vision,.,37/M,.,TPR,.,,SUMMER,CONVEYOR,LADIES,VISION
SUMMER FLAT,19,SUMMER FLAT::19,17,SUMMER,CONVYER,LADIES,AS-45,.,37/M,.,TPR,.,,SUMMER,CONVEYOR,LADIES,AS-45
SUMMER FLAT,20,SUMMER FLAT::20,18,SUMMER,CONVYER,LADIES,FLYER,.,37/M,.,TPR,.,,SUMMER,CONVEYOR,LADIES,FLYER
SUMMER FLAT,21,SUMMER FLAT::21,19,SUMMER,CONVYER,LADIES,Hitler,.,37/M,.,TPR,.,,SUMMER,CONVEYOR,LADIES,HITLER
SUMMER FLAT,22,SUMMER FLAT::22,20,SUMMER,CONVYER,LADIES,Swift,.,37/M,.,TPR,.,,SUMMER,CONVEYOR,LADIES,SWIFT
SUMMER FLAT,23,SUMMER FLAT::23,21,SUMMER,CONVYER,LADIES,Scar,.,37/M,.,TPR,.,,SUMMER,CONVEYOR,LADIES,SCAR
SUMMER FLAT,24,SUMMER FLAT::24,22,SUMMER,CONVYER,LADIES,Eric,.,37/M,.,TPR,.,,SUMMER,CONVEYOR,LADIES,ERIC
SUMMER FLAT,25,SUMMER FLAT::25,23,SUMMER,CONVYER,LADIES,Maya,.,37/M,.,TPR,.,,SUMMER,CONVEYOR,LADIES,MAYA
SUMMER FLAT,26,SUMMER FLAT::26,24,SUMMER,CONVYER,LADIES,Cosmo,.,37/M,.,TPR/PU,.,,SUMMER,CONVEYOR,LADIES,COSMO
SUMMER FLAT,27,SUMMER FLAT::27,25,SUMMER,CONVYER,LADIES,Elsa,.,37/M,.,TPR,.,,SUMMER,CONVEYOR,LADIES,ELSA
SUMMER FLAT,28,SUMMER FLAT::28,26,SUMMER,CONVYER,LADIES,Kava,.,37/M,.,TPR,.,,SUMMER,CONVEYOR,LADIES,KAVA
SUMMER FLAT,29,SUMMER FLAT::29,27,SUMMER,CONVYER,LADIES,Homer,.,37/M,.,TPR,.,,SUMMER,CONVEYOR,LADIES,HOMER
SUMMER FLAT,30,SUMMER FLAT::30,28,SUMMER,CONVYER,LADIES,Godwin,.,37/M,.,PU,.,,SUMMER,CONVEYOR,LADIES,GODWIN
SUMMER FLAT,31,SUMMER FLAT::31,29,SUMMER,CONVYER,LADIES,Eclipse,.,37/M,.,PU,.,,SUMMER,CONVEYOR,LADIES,ECLIPSE
SUMMER FLAT,32,SUMMER FLAT::32,30,SUMMER,CONVYER,LADIES,New Berlin,.,37/M,.,TPR,.,,SUMMER,CONVEYOR,LADIES,NEW BERLIN
SUMMER FLAT,33,SUMMER FLAT::33,31,SUMMER,CONVYER,LADIES,New Candy,.,37/M,.,TPR,.,,SUMMER,CONVEYOR,LADIES,NEW CANDY
SUMMER FLAT,34,SUMMER FLAT::34,32,SUMMER,CONVYER,LADIES,Insignia-T,.,37/M,.,TPR,.,,SUMMER,CONVEYOR,LADIES,INSIGNIA-T
SUMMER FLAT,35,SUMMER FLAT::35,33,SUMMER,CONVYER,LADIES,Insignia-R,.,37/M,.,TPR,.,,SUMMER,CONVEYOR,LADIES,INSIGNIA-R
SUMMER FLAT,36,SUMMER FLAT::36,34,SUMMER,CONVYER,LADIES,Flammer,.,37/M,.,TPR,.,,SUMMER,CONVEYOR,LADIES,FLAMMER
SUMMER FLAT,37,SUMMER FLAT::37,35,SUMMER,CONVYER,LADIES,AS-08,,,,,,,SUMMER,CONVEYOR,LADIES,AS-08
SUMMER FLAT,38,SUMMER FLAT::38,36,SUMMER,CONVYER,LADIES,AS-09,,,,,,,SUMMER,CONVEYOR,LADIES,AS-09
SUMMER FLAT,39,SUMMER FLAT::39,37,SUMMER,CONVYER,LADIES,AS-10,,,,,,,SUMMER,CONVEYOR,LADIES,AS-10
SUMMER FLAT,40,SUMMER FLAT::40,38,SUMMER,CONVYER,LADIES,AS-11,,,,,,,SUMMER,CONVEYOR,LADIES,AS-11
SUMMER FLAT,41,SUMMER FLAT::41,39,SUMMER,CONVYER,LADIES,K-VPI,.,37/M,.,TPR,.,,SUMMER,CONVEYOR,LADIES,K-VPI
SUMMER PU,3,SUMMER PU::3,1,SUMMER,CONVYER,LADIES,STERLING,Picture,38,.,PU/PVC,CREAM,,SUMMER,CONVEYOR,LADIES,STERLING
SUMMER PU,4,SUMMER PU::4,2,SUMMER,CONVYER,LADIES,BELFAST,Picture,38,.,PU/PVC,CREAM,,SUMMER,CONVEYOR,LADIES,BELFAST
SUMMER PU,5,SUMMER PU::5,3,SUMMER,CONVYER,LADIES,YONKERS,Picture,36-41,12,PU,BROWN,,SUMMER,CONVEYOR,LADIES,YONKERS
SUMMER PU,6,SUMMER PU::6,4,SUMMER,CONVYER,LADIES,"FOSHAN
25601",Picture,36-41,-,PU,BEIGE,,SUMMER,CONVEYOR,LADIES,FOSHAN 25601
SUMMER PU,7,SUMMER PU::7,5,SUMMER,CONVYER,LADIES,"DHAKA
HN25071",Picture,36-41,6,PU,BLACK,,SUMMER,CONVEYOR,LADIES,DHAKA HN25071
SUMMER PU,8,SUMMER PU::8,6,SUMMER,CONVYER,LADIES,"FIJI
HN25181",Picture,36-41,6,PU,BLACK,,SUMMER,CONVEYOR,LADIES,FIJI HN25181
SUMMER PU,9,SUMMER PU::9,7,SUMMER,CONVYER,LADIES,"COMFORTY
HN23963",Picture,36-41,6,PU,BLACK,,SUMMER,CONVEYOR,LADIES,COMFORTY HN23963
SUMMER PU,10,SUMMER PU::10,8,SUMMER,CONVYER,LADIES,"CHICAGO
25606",Picture,36-41,6,PU,BLACK,,SUMMER,CONVEYOR,LADIES,CHICAGO 25606
SUMMER PU,11,SUMMER PU::11,9,SUMMER,CONVYER,LADIES,JAKARTA,Picture,36-41,6,EVA,BLACK,,SUMMER,CONVEYOR,LADIES,JAKARTA
SUMMER PU,12,SUMMER PU::12,10,SUMMER,CONVYER,LADIES,"CAIRO
HN25150",Picture,36-41,6,PU,BLACK,,SUMMER,CONVEYOR,LADIES,CAIRO HN25150
SUMMER PU,13,SUMMER PU::13,11,SUMMER,CONVYER,LADIES,JASPER,Picture,36-41,6,PU,BLACK,,SUMMER,CONVEYOR,LADIES,JASPER
SUMMER PU,14,SUMMER PU::14,12,SUMMER,CONVYER,LADIES,"ROSE
HN23508",Picture,36-41,6,PU,BLACK,,SUMMER,CONVEYOR,LADIES,ROSE HN23508
SUMMER PU,15,SUMMER PU::15,13,SUMMER,CONVYER,LADIES,"KINIYA
7218",Picture,36-41,6,PU,BLACK,,SUMMER,CONVEYOR,LADIES,KINIYA 7218
SUMMER PU,16,SUMMER PU::16,14,SUMMER,CONVYER,LADIES,BUSAN 25600 8498/8670,Picture,36-41,6,PU,BLACK,,SUMMER,CONVEYOR,LADIES,BUSAN 25600 8498/8670
SUMMER PU,17,SUMMER PU::17,15,SUMMER,CONVYER,LADIES,"DURBAN
HN25377",Picture,36-41,6,PU,BLACK,,SUMMER,CONVEYOR,LADIES,DURBAN HN25377
SUMMER PU,18,SUMMER PU::18,16,SUMMER,CONVYER,LADIES,"WARI
21038",Picture,36-41,6,PU,BLACK,,SUMMER,CONVEYOR,LADIES,WARI 21038
SUMMER PU,19,SUMMER PU::19,17,SUMMER,CONVYER,LADIES,"FLORA
23363",Picture,36-41,6,PU,BLACK,,SUMMER,CONVEYOR,LADIES,FLORA 23363
SUMMER PU,20,SUMMER PU::20,18,SUMMER,CONVYER,LADIES,"CLIFTON
GP83",Picture,36-41,6,PU,BLACK,,SUMMER,CONVEYOR,LADIES,CLIFTON GP83
SUMMER PU,21,SUMMER PU::21,19,SUMMER,CONVYER,LADIES,KIPP,Picture,36-41,8,PU,CREAM,,SUMMER,CONVEYOR,LADIES,KIPP
SUMMER PU,22,SUMMER PU::22,20,SUMMER,CONVYER,LADIES,PAEROA,Picture,37,Proto,PU,CREAM,,SUMMER,CONVEYOR,LADIES,PAEROA
SUMMER PU,23,SUMMER PU::23,21,SUMMER,CONVYER,LADIES,Brooks,Picture,37,Proto,PU,CREAM,,SUMMER,CONVEYOR,LADIES,BROOKS
SUMMER PU,24,SUMMER PU::24,22,SUMMER,CONVYER,LADIES,PISA,Picture,37,Proto,PU,BLACK,,SUMMER,CONVEYOR,LADIES,PISA
SUMMER PU,25,SUMMER PU::25,23,SUMMER,CONVYER,LADIES,APRICOT,Picture,38,Proto,PU,CREAM,,SUMMER,CONVEYOR,LADIES,APRICOT
SUMMER PU,26,SUMMER PU::26,24,SUMMER,CONVYER,LADIES,BRIN,Picture,31,Proto,PU,BLACK,,SUMMER,CONVEYOR,LADIES,BRIN
SUMMER PU,27,SUMMER PU::27,25,SUMMER,CONVYER,LADIES,TORINO,Picture,37,Proto,PU,BLACK,,SUMMER,CONVEYOR,LADIES,TORINO
SUMMER PU,28,SUMMER PU::28,26,SUMMER,CONVYER,LADIES,KERONA,Picture,37,Proto,PU,BLACK,Waiting for Series,SUMMER,CONVEYOR,LADIES,KERONA
SUMMER PU,29,SUMMER PU::29,27,SUMMER,CONVYER,LADIES,COMO,Picture,37,Proto,PU,BLACK,Waiting for Series,SUMMER,CONVEYOR,LADIES,COMO
SUMMER PU,30,SUMMER PU::30,28,SUMMER,CONVYER,LADIES,SOLARIS,Picture,37,Proto,PU/TPR,BLACK,Footbed Pu & Outsole TPR,SUMMER,CONVEYOR,LADIES,SOLARIS
SUMMER PU,31,SUMMER PU::31,29,SUMMER,CONVYER,LADIES,TOKYO,Picture,38,.,PU ,CREAM,,SUMMER,CONVEYOR,LADIES,TOKYO
SUMMER PU,32,SUMMER PU::32,30,SUMMER,CONVYER,LADIES,PREZI,Picture,38,.,PU,CREAM,,SUMMER,CONVEYOR,LADIES,PREZI
SUMMER PU,33,SUMMER PU::33,31,SUMMER,CONVYER,LADIES,LOTUS,Picture,38,.,PU,CREAM,,SUMMER,CONVEYOR,LADIES,LOTUS
SUMMER PU,34,SUMMER PU::34,32,SUMMER,CONVYER,KIDS,QUARK,Picture,28,Proto,PU,CREAM,SOLE With Footbed ,SUMMER,CONVEYOR,KIDS,QUARK
SUMMER PU,35,SUMMER PU::35,33,SUMMER,CONVYER,LADIES,SELFORD,Picture,38,Proto,PU,WHITE,,SUMMER,CONVEYOR,LADIES,SELFORD
SUMMER PU,36,SUMMER PU::36,34,SUMMER,CONVYER,LADIES,HN-22930,Picture,38,.,PU,CREAM,,SUMMER,CONVEYOR,LADIES,HN-22930
SUMMER PU,37,SUMMER PU::37,35,SUMMER,CONVYER,LADIES,H002,Picture,38,.,PU,CREAM,,SUMMER,CONVEYOR,LADIES,H002
SUMMER PU,38,SUMMER PU::38,36,SUMMER,CONVYER,LADIES,H004,Picture,38,.,PU,CREAM,,SUMMER,CONVEYOR,LADIES,H004
SUMMER PU,39,SUMMER PU::39,37,SUMMER,CONVYER,LADIES,WEST,Picture,38,.,PU,CREAM,,SUMMER,CONVEYOR,LADIES,WEST
SUMMER PU,40,SUMMER PU::40,38,SUMMER,CONVYER,LADIES,25620 SOLE,Picture,37,.,PU ,BLACK,,SUMMER,CONVEYOR,LADIES,25620 SOLE
SUMMER PU,41,SUMMER PU::41,39,SUMMER,CONVYER,LADIES,25620,Picture,37,.,PU FOOTBED,BLACK,,SUMMER,CONVEYOR,LADIES,25620
SUMMER PU,42,SUMMER PU::42,40,SUMMER,CONVYER,LADIES,DERBY,Picture,37,.,PU ,BLACK,,SUMMER,CONVEYOR,LADIES,DERBY
SUMMER PU,43,SUMMER PU::43,41,SUMMER,CONVYER,LADIES,RENO,Picture,37,.,PU ,BLACK,,SUMMER,CONVEYOR,LADIES,RENO
SUMMER PU,44,SUMMER PU::44,42,SUMMER,CONVYER,LADIES,CHESTOR,Picture,37,.,PU ,BLACK,,SUMMER,CONVEYOR,LADIES,CHESTOR
SUMMER PU,45,SUMMER PU::45,43,SUMMER,CONVYER,LADIES,VICTORIA,Picture,37,.,PU,.,,SUMMER,CONVEYOR,LADIES,VICTORIA
SUMMER PU,46,SUMMER PU::46,44,SUMMER,CONVYER,LADIES,HARLEY,.,36.41,.,LIQUID PVC,.,Sole With Liquid PVC,SUMMER,CONVEYOR,LADIES,HARLEY
SUMMER PU,47,SUMMER PU::47,45,SUMMER,CONVYER,LADIES,Blasé,.,36-42,.,PU,.,,SUMMER,CONVEYOR,LADIES,BLASÉ
SUMMER PU,48,SUMMER PU::48,46,SUMMER,CONVYER,LADIES,BLOSIM,.,36-42,.,PVC,.,,SUMMER,CONVEYOR,LADIES,BLOSIM
SUMMER PU,49,SUMMER PU::49,47,SUMMER,CONVYER,LADIES,BLUMA,.,37/M,.,PU,.,,SUMMER,CONVEYOR,LADIES,BLUMA
SUMMER PU,50,SUMMER PU::50,48,SUMMER,CONVYER,LADIES,BRENNA,.,37/M,.,PU,.,,SUMMER,CONVEYOR,LADIES,BRENNA
SUMMER PU,51,SUMMER PU::51,49,SUMMER,CONVYER,LADIES,Lia-Wedge,.,37/M,-,Wedge Sole,.,,SUMMER,CONVEYOR,LADIES,LIA-WEDGE
SUMMER PU,52,SUMMER PU::52,50,SUMMER,CONVYER,LADIES,ANDORA,.,36-41,.,PVC,.,,SUMMER,CONVEYOR,LADIES,ANDORA
SUMMER PU,53,SUMMER PU::53,51,SUMMER,CONVYER,LADIES,Ocean,.,37/M,.,PU,.,,SUMMER,CONVEYOR,LADIES,OCEAN
SUMMER PU,54,SUMMER PU::54,52,SUMMER,CONVYER,LADIES,Venus,.,37/M,.,PU,.,,SUMMER,CONVEYOR,LADIES,VENUS
SUMMER PU,55,SUMMER PU::55,53,SUMMER,CONVYER,LADIES,Amber,.,37/M,.,PU,.,,SUMMER,CONVEYOR,LADIES,AMBER
SUMMER PU,56,SUMMER PU::56,54,SUMMER,CONVYER,LADIES,Jade,.,37/M,.,PU,.,,SUMMER,CONVEYOR,LADIES,JADE
SUMMER PU,57,SUMMER PU::57,55,SUMMER,CONVYER,LADIES,Flare,.,37/M,.,PU,.,,SUMMER,CONVEYOR,LADIES,FLARE
SUMMER PU,58,SUMMER PU::58,56,SUMMER,CONVYER,LADIES,Nexon,.,37/M,.,PU,.,,SUMMER,CONVEYOR,LADIES,NEXON
SUMMER PU,59,SUMMER PU::59,57,SUMMER,CONVYER,LADIES,Cosmo,.,37/M,.,TPR/PU,.,,SUMMER,CONVEYOR,LADIES,COSMO
SUMMER PU,60,SUMMER PU::60,58,SUMMER,CONVYER,LADIES,Bubble,.,37/M,.,PU,.,,SUMMER,CONVEYOR,LADIES,BUBBLE
SUMMER PU,61,SUMMER PU::61,59,SUMMER,CONVYER,LADIES,Merida,.,37/M,.,PU,.,,SUMMER,CONVEYOR,LADIES,MERIDA
SUMMER PU,62,SUMMER PU::62,59,SUMMER,CONVYER,LADIES,Helder,.,37/M,.,PU,.,,SUMMER,CONVEYOR,LADIES,HELDER
SUMMER PU,63,SUMMER PU::63,60,SUMMER,CONVYER,LADIES,Cork,.,37/M,.,PVC,.,,SUMMER,CONVEYOR,LADIES,CORK
SUMMER DIP PU,3,SUMMER DIP PU::3,1,SUMMER,DIP,LADIES,BALLY,Picture,36-41,12,PU,BROWN,,SUMMER,DIP,LADIES,BALLY
SUMMER DIP PU,4,SUMMER DIP PU::4,2,SUMMER,DIP,LADIES,BUFFY,Picture,36-41,12,.,BROWN,,SUMMER,DIP,LADIES,BUFFY
SUMMER DIP PU,5,SUMMER DIP PU::5,3,SUMMER,DIP,LADIES,BIANCA,Picture,38,.,PU,CREAM,,SUMMER,DIP,LADIES,BIANCA
SUMMER DIP PU,6,SUMMER DIP PU::6,4,SUMMER,DIP,LADIES,BELTA,Picture,36-41,12,.,BEIGE,,SUMMER,DIP,LADIES,BELTA
SUMMER DIP PU,7,SUMMER DIP PU::7,5,SUMMER,DIP,"LADIES / 
KIDS",BENIN,Picture,28-35/36-41,14-12,.,BEIGE,,SUMMER,DIP,LADIES / KIDS,BENIN
SUMMER DIP PU,8,SUMMER DIP PU::8,6,SUMMER,DIP,LADIES,CREST,Picture,36-41,12,PU,BLACK,,SUMMER,DIP,LADIES,CREST
SUMMER DIP PU,9,SUMMER DIP PU::9,7,SUMMER,DIP,LADIES,"ORBIT
2025",Picture,36-41,12,PU,BLACK,,SUMMER,DIP,LADIES,ORBIT 2025
SUMMER DIP PU,10,SUMMER DIP PU::10,8,SUMMER,DIP,LADIES,MILTON,Picture,37,1,PU Shoe,BLACK,,SUMMER,DIP,LADIES,MILTON
SUMMER DIP PU,11,SUMMER DIP PU::11,9,SUMMER,DIP,LADIES,RATORUA,Picture,37,1,PU Shoe,BLACK,Waiting for Mold Series,SUMMER,DIP,LADIES,RATORUA
SUMMER DIP PU,12,SUMMER DIP PU::12,10,SUMMER,DIP,LADIES,TIMARU,Picture,37,1,PU,CREAM,Waiting for Mold Series,SUMMER,DIP,LADIES,TIMARU
SUMMER DIP PU,13,SUMMER DIP PU::13,11,SUMMER,DIP,LADIES,GISBORING,Picture,38,Proto,PU,.,Waiting for Mold Series,SUMMER,DIP,LADIES,GISBORING
SUMMER DIP PU,14,SUMMER DIP PU::14,12,SUMMER,DIP,KIDS,"JACK
",Picture,28-37,13,PU Shoe,BLACK,,SUMMER,DIP,KIDS,JACK
SUMMER DIP PU,15,SUMMER DIP PU::15,13,SUMMER,DIP,KIDS,"GIA
",Picture,28-36,13,PU Shoe,BLACK,,SUMMER,DIP,KIDS,GIA
SUMMER DIP PU,16,SUMMER DIP PU::16,14,SUMMER,DIP,LADIES,CHERRY,Picture,36-41,12,PU,CREAM,Mold Under Trial,SUMMER,DIP,LADIES,CHERRY
SUMMER DIP PU,17,SUMMER DIP PU::17,15,SUMMER,DIP,LADIES,SUSAN,Picture,36-41,12,PU,CREAM,,SUMMER,DIP,LADIES,SUSAN
SUMMER DIP PU,18,SUMMER DIP PU::18,16,SUMMER,DIP,LADIES,YURI,Picture,38,1,PU,CREAM,,SUMMER,DIP,LADIES,YURI
SUMMER DIP PU,19,SUMMER DIP PU::19,17,SUMMER,DIP,LADIES,OSCAR,Picture,38,1,PU,.,,SUMMER,DIP,LADIES,OSCAR
SUMMER DIP PU,20,SUMMER DIP PU::20,18,SUMMER,DIP,KIDS,BUFFY,Picture,31,Proto,PU,BLACK,,SUMMER,DIP,KIDS,BUFFY
SUMMER DIP PVC,3,SUMMER DIP PVC::3,1,SUMMER,DIP,LADIES,NOVA,Picture,36 -41,12,PVC,WHITE,"Sole with Strap
BENLONG",SUMMER,DIP,LADIES,NOVA
SUMMER DIP PVC,4,SUMMER DIP PVC::4,2,SUMMER,DIP,LADIES,CHIK,Picture,36-41,12,PVC,WHITE,"Sole with Strap
BENLONG",SUMMER,DIP,LADIES,CHIK
SUMMER DIP PVC,5,SUMMER DIP PVC::5,3,SUMMER,DIP,LADIES,CALGORY,Picture,37,"1pair
PROTO",PVC,WHITE,BENLONG,SUMMER,DIP,LADIES,CALGORY
SUMMER DIP PVC,6,SUMMER DIP PVC::6,4,SUMMER,DIP,LADIES,RIPPLE,Picture,37,"1pair
PROTO",PVC,BEIGE,BENLONG,SUMMER,DIP,LADIES,RIPPLE
SUMMER DIP PVC,7,SUMMER DIP PVC::7,5,SUMMER,CONVYER,LADIES,DARFIELD,Picture,37,1pair,PVC,White And Maroon,"Double Color Sole
BENLONG",SUMMER,CONVEYOR,LADIES,DARFIELD
SUMMER DIP PVC,8,SUMMER DIP PVC::8,6,SUMMER,DIP,KIDS,GL001,Picture,28-35,.,PVC,WHITE,"Sole with Strap
BENLONG",SUMMER,DIP,KIDS,GL001
SUMMER DIP PVC,9,SUMMER DIP PVC::9,7,SUMMER,DIP,LADIES,Footbed,Mr.G.P,37,.,PVC,WHITE,Collect from Saad Sb,SUMMER,DIP,LADIES,FOOTBED
