image_id,sheet,excel_row,excel_column,project_raw,project_normalized,season,making,type,source_file,extracted_file,width,height,file_size,sha256,image_sequence,mapping_type,confidence,verification_status,notes
SUMMARY__row_4__image1.jpeg__a0,SUMMARY,4,8,,,,,,image1.jpeg,extracted-images/_unmatched/SUMMARY/row_4/01.jpeg,128,128,4204,868a9536ef0e8030569690cb183700036c86582117d1f22fea0ebb72bb7402e7,1,unmatched,LOW,UNMATCHED,shape-with-image (not xdr:pic) — possible decorative/template element; No article row at anchored excel_row
WINTER_SUMMER__row_2__image2.jpeg__a0,WINTER & SUMMER,2,2,,,,,,image2.jpeg,extracted-images/_unmatched/WINTER_SUMMER/row_2/01.jpeg,128,128,2847,785be7324ae731a2d15953d92dafcb8ac2b6fddcad93151a3cb1cda001ea6335,1,unmatched,LOW,UNMATCHED,shape-with-image (not xdr:pic) — possible decorative/template element; No article row at anchored excel_row
WINTER_SUMMER__row_2__image3.jpeg__a1,WINTER & SUMMER,2,7,,,,,,image3.jpeg,extracted-images/_unmatched/WINTER_SUMMER/row_2/02.jpeg,128,128,2623,83f708f4dd19bbb14233accbc9665979ff7f9c65dc877bb6e6ca81efe1b08866,2,unmatched,LOW,UNMATCHED,shape-with-image (not xdr:pic) — possible decorative/template element; No article row at anchored excel_row
WINTER_HEEL__row_3__image4.jpeg__a0,WINTER HEEL,3,6,1388,1388,WINTER,CONVYER,LADIES,image4.jpeg,extracted-images/WINTER_HEEL/row_3/01.jpeg,119,96,1590,2ecc796516981b89f1280054a5f9e6c445fab831ce8f4454dbd8c680232ee8a7,1,drawing_anchor,HIGH,VERIFIED,
WINTER_HEEL__row_4__image5.jpeg__a1,WINTER HEEL,4,6,7026,7026,WINTER / SUMMER,CONVYER,LADIES,image5.jpeg,extracted-images/WINTER_HEEL/row_4/01.jpeg,122,98,1961,f62020b07f10fc702a5da7cffb07840add44199991575e2d3e98ef3787b88fb3,1,drawing_anchor,HIGH,VERIFIED,
WINTER_HEEL__row_6__image6.jpeg__a2,WINTER HEEL,6,6,"SLIP
(40179)",SLIP (40179),WINTER / SUMMER,CONVYER,LADIES,image6.jpeg,extracted-images/WINTER_HEEL/row_6/01.jpeg,97,101,1702,d7da6f6ed64c2893ff7e066351b6cb7fd183c8c3ca0f8d479b9c230add8eee97,1,drawing_anchor,HIGH,VERIFIED,
WINTER_HEEL__row_7__image7.jpeg__a3,WINTER HEEL,7,6,Breeze,BREEZE,WINTER / SUMMER,CONVYER,LADIES,image7.jpeg,extracted-images/WINTER_HEEL/row_7/01.jpeg,77,90,1606,28b24ab7cced9fcb6ccc04e7405bd0e81209205d2f4c44bc0aee7aa554f8c6dd,1,drawing_anchor,HIGH,VERIFIED,
WINTER_HEEL__row_8__image8.png__a4,WINTER HEEL,8,6,CAPRI,CAPRI,WINTER,CONVYER,LADIES,image8.png,extracted-images/WINTER_HEEL/row_8/01.png,102,139,28366,6ffccfd930cf502db135260d514dfe9353b44e17f0733de8e4d4a45c0b970817,1,drawing_anchor,HIGH,VERIFIED,
WINTER_HEEL__row_12__image9.png__a5,WINTER HEEL,12,6,Reef,REEF,WINTER / SUMMER,CONVYER,LADIES,image9.png,extracted-images/WINTER_HEEL/row_12/01.png,113,98,22384,eb813c1b42359af08a4b8bcccd3ada0a2b94ccac1373ab04b224d92a51eadc90,1,drawing_anchor,HIGH,VERIFIED,
WINTER_HEEL__row_14__image10.png__a6,WINTER HEEL,14,6,Zeeta paint,ZEETA PAINT,WINTER / SUMMER,CONVYER,LADIES,image10.png,extracted-images/WINTER_HEEL/row_14/01.png,100,109,24994,7034b7f32594695f19606bdb6bdc24c684046ce9c4ddd950fcc5383d92bded92,1,drawing_anchor,HIGH,VERIFIED,
WINTER_HEEL__row_15__image11.png__a7,WINTER HEEL,15,6,ORION,ORION,WINTER / SUMMER,CONVYER,LADIES,image11.png,extracted-images/WINTER_HEEL/row_15/01.png,97,152,33479,f3581df5356a8cbb4129da5ae69e1ed0e0ee47d2cbb5edb3c801b991804b5a66,1,drawing_anchor,HIGH,VERIFIED,
WINTER_HEEL__row_17__image12.png__a8,WINTER HEEL,17,6,River,RIVER,WINTER / SUMMER,CONVYER,LADIES,image12.png,extracted-images/WINTER_HEEL/row_17/01.png,109,97,21009,45d8aa018fed114856225b06d1d9b2c05201b3d768651c88a89e9ba52b8d7fbf,1,drawing_anchor,HIGH,VERIFIED,
WINTER_HEEL__row_29__image13.jpeg__a9,WINTER HEEL,29,6,Selene,SELENE,WINTER,CONVYER,LADIES,image13.jpeg,extracted-images/WINTER_HEEL/row_29/02.jpeg,89,122,2205,9980a763e722b60b9c452dc79da043768b791da0c483e7c0097aa7d4766c9449,2,drawing_anchor,LOW,NEEDS_REVIEW,degenerate anchor extent (0 width/height)
WINTER_HEEL__row_28__image14.jpeg__a10,WINTER HEEL,28,6,Luna,LUNA,WINTER,CONVYER,LADIES,image14.jpeg,extracted-images/WINTER_HEEL/row_28/02.jpeg,212,148,5935,6da116587b9817facc7a58b8fac969c8edb3efade543861104deb8a3e307be3d,2,drawing_anchor,LOW,NEEDS_REVIEW,degenerate anchor extent (0 width/height)
WINTER_HEEL__row_29__image15.jpeg__a11,WINTER HEEL,29,6,Selene,SELENE,WINTER,CONVYER,LADIES,image15.jpeg,extracted-images/WINTER_HEEL/row_29/01.jpeg,166,86,3258,54aac72995f1980eb9e16f21372cc396580b085ef6346e783824b6f1b6cd9c96,1,drawing_anchor,HIGH,VERIFIED,
WINTER_HEEL__row_23__image16.png__a12,WINTER HEEL,23,6,Stellar/Sofia,STELLAR/SOFIA,WINTER,CONVYER,LADIES,image16.png,extracted-images/WINTER_HEEL/row_23/01.png,163,88,22023,219fe6fc3216f9b2ffc60f137b7667af150081195e3572eeedd32bffa2b4b672,1,drawing_anchor,HIGH,VERIFIED,
WINTER_HEEL__row_24__image17.png__a13,WINTER HEEL,24,6,Cuba/Ariana,CUBA/ARIANA,WINTER,CONVYER,LADIES,image17.png,extracted-images/WINTER_HEEL/row_24/01.png,165,78,18574,a7283c1e5f3445cdbfe9de2938b6edc4b6bc17a4bcdcc3b3fb67141f376af4ff,1,drawing_anchor,HIGH,VERIFIED,
WINTER_HEEL__row_25__image18.png__a14,WINTER HEEL,25,6,Aurora/Camila,AURORA/CAMILA,WINTER,CONVYER,LADIES,image18.png,extracted-images/WINTER_HEEL/row_25/01.png,152,71,14598,07d813af6d54787ee7e46550b21b19cd9722c7c0d1482211458892d8ff563c9f,1,drawing_anchor,HIGH,VERIFIED,
WINTER_HEEL__row_26__image19.jpeg__a15,WINTER HEEL,26,6,Nova/Austin,NOVA/AUSTIN,WINTER,CONVYER,LADIES,image19.jpeg,extracted-images/WINTER_HEEL/row_26/01.jpeg,169,77,3456,93239b72871ead6b93d52d5e7adc3cb13ca008614a7b540b8cb6abf924e1ae3f,1,drawing_anchor,HIGH,VERIFIED,
WINTER_HEEL__row_27__image20.jpeg__a16,WINTER HEEL,27,6,Lyra,LYRA,WINTER,CONVYER,LADIES,image20.jpeg,extracted-images/WINTER_HEEL/row_27/01.jpeg,160,99,4195,d6abf917a3ac5a5d15a6ca5e8c031a42fc566a60bc8090c78c9dc05bfc42446b,1,drawing_anchor,HIGH,VERIFIED,
WINTER_HEEL__row_28__image21.jpeg__a17,WINTER HEEL,28,6,Luna,LUNA,WINTER,CONVYER,LADIES,image21.jpeg,extracted-images/WINTER_HEEL/row_28/01.jpeg,163,92,4019,4dfc19b988f28a442c6573b73f578e0d53bc50a8362740982a7bbe1ff72ff9cf,1,drawing_anchor,HIGH,VERIFIED,
WINTER_HEEL__row_30__image22.jpeg__a18,WINTER HEEL,30,6,Draco,DRACO,WINTER,CONVYER,LADIES,image22.jpeg,extracted-images/WINTER_HEEL/row_30/01.jpeg,161,103,3819,195368c94b2b18eea41e62f8cd26d0837d429cb9282d71cd721f8b92091b846d,1,drawing_anchor,HIGH,VERIFIED,
WINTER_HEEL__row_21__image23.png__a20,WINTER HEEL,21,6,BOLD,BOLD,WINTER,CONVYER,LADIES,image23.png,extracted-images/WINTER_HEEL/row_21/01.png,170,103,24658,e1a96c73a40c90f7d62a07341a4962b6617102d79c731b13654e832f290d5e91,1,drawing_anchor,HIGH,VERIFIED,
WINTER_HEEL__row_22__image24.png__a21,WINTER HEEL,22,6,"VINCI
WINTER",VINCI WINTER,WINTER,CONVYER,LADIES,image24.png,extracted-images/WINTER_HEEL/row_22/01.png,162,92,19861,c2061fe61b81aefc57edd8e86b1c3e367d069f0498901b65d672db5950b59551,1,drawing_anchor,HIGH,VERIFIED,
WINTER_HEEL__row_18__image25.png__a22,WINTER HEEL,18,6,KIZA,KIZA,WINTER / SUMMER,CONVYER,LADIES,image25.png,extracted-images/WINTER_HEEL/row_18/01.png,105,101,25681,128be2f2fa977b542759fcfa05668d9c2e19b41bd60c606349478f5ed26dda6b,1,drawing_anchor,HIGH,VERIFIED,
WINTER_HEEL__row_19__image26.jpeg__a23,WINTER HEEL,19,6,ROZY,ROZY,WINTER / SUMMER,CONVYER,LADIES,image26.jpeg,extracted-images/WINTER_HEEL/row_19/01.jpeg,166,93,2325,51e2fb0260fb6e39bcc30d2532e81896a70dff9cb23df5630290968a7ae39994,1,drawing_anchor,HIGH,VERIFIED,
WINTER_HEEL__row_16__image27.png__a24,WINTER HEEL,16,6,C-Height,C-HEIGHT,WINTER / SUMMER,CONVYER,LADIES,image27.png,extracted-images/WINTER_HEEL/row_16/01.png,91,138,34044,6207dc133ecbb82e76f2667ea30cc4f62a05624c9a6517d3a3cfcfe42fd73d6f,1,drawing_anchor,HIGH,VERIFIED,
WINTER_HEEL__row_10__image28.png__a25,WINTER HEEL,10,6,CARA,CARA,WINTER,CONVYER,LADIES,image28.png,extracted-images/WINTER_HEEL/row_10/01.png,143,100,21640,c119dc8b518ffee8b204c90ece82a71c86c21186f43a7ca7ca54da0432892c99,1,drawing_anchor,HIGH,VERIFIED,
WINTER_HEEL__row_9__image29.jpeg__a26,WINTER HEEL,9,6,Magnum,MAGNUM,WINTER,CONVYER,LADIES,image29.jpeg,extracted-images/WINTER_HEEL/row_9/01.jpeg,85,150,2984,ef5118c2ff64b1074548cd649c087462e82f61ba3f4e3c5e222582083a93eda7,1,drawing_anchor,HIGH,VERIFIED,
WINTER_HEEL__row_20__image30.png__a27,WINTER HEEL,20,6,MOROCO,MOROCO,WINTER,CONVYER,LADIES,image30.png,extracted-images/WINTER_HEEL/row_20/01.png,141,94,19964,0bcf9fbfcccc5eb088e44f5a1c5a2abce297ad59e4d85ec78b7192ca8b1593b3,1,drawing_anchor,HIGH,VERIFIED,
WINTER_HEEL__row_5__image31.png__a28,WINTER HEEL,5,6,7029,7029,WINTER / SUMMER,CONVYER,LADIES,image31.png,extracted-images/WINTER_HEEL/row_5/01.png,116,96,20987,94fbd0f738ef14aceedee71021d6c26c8caa30017392964491b84b662c018154,1,drawing_anchor,HIGH,VERIFIED,
WINTER_HEEL__row_13__image32.png__a29,WINTER HEEL,13,6,BLINDA,BLINDA,WINTER,CONVYER,LADIES,image32.png,extracted-images/WINTER_HEEL/row_13/02.png,5,116,1879,c39d1e7d3bc29361ed9aaaadbaf4e49b4cea2692015383b1d91c5d0800d51546,2,drawing_anchor,HIGH,VERIFIED,
WINTER_HEEL__row_13__image33.png__a30,WINTER HEEL,13,6,BLINDA,BLINDA,WINTER,CONVYER,LADIES,image33.png,extracted-images/WINTER_HEEL/row_13/01.png,159,91,25192,365f2329bbfe29484d5df87c7ae97f4e19f5a15868d6ad75e437dc985eb4bf49,1,drawing_anchor,HIGH,VERIFIED,
WINTER_FLAT__row_3__image34.jpeg__a0,WINTER FLAT,3,6,LESTON,LESTON,WINTER,CONVYER,LADIES,image34.jpeg,extracted-images/WINTER_FLAT/row_3/01.jpeg,159,103,4407,1eabc8e2d187539bc333fd83786face48fc3411a4f3e7c9eef756448fd85f334,1,drawing_anchor,HIGH,VERIFIED,
WINTER_FLAT__row_5__image35.png__a1,WINTER FLAT,5,6,RAVI,RAVI,WINTER,CONVYER,LADIES,image35.png,extracted-images/WINTER_FLAT/row_5/01.png,159,99,23157,4e243d4ab5bfabae2dcc1f8a1a75e728de6068daf85fb2603ef29bbc5a0139f7,1,drawing_anchor,HIGH,VERIFIED,
WINTER_FLAT__row_7__image36.png__a2,WINTER FLAT,7,6,PULSE,PULSE,WINTER,CONVYER,LADIES,image36.png,extracted-images/WINTER_FLAT/row_7/01.png,163,94,29325,0ba90f667867e44a158d04483a01305845dd15c043edd2b969b47504b191152a,1,drawing_anchor,HIGH,VERIFIED,
WINTER_FLAT__row_8__image37.png__a3,WINTER FLAT,8,6,INSIG,INSIG,WINTER,CONVYER,LADIES,image37.png,extracted-images/WINTER_FLAT/row_8/01.png,161,99,26130,8ed8261a644b09440127714959f1f1e6a8a24456dc8fc28b330833a6ccd3a3f1,1,drawing_anchor,HIGH,VERIFIED,
WINTER_FLAT__row_9__image38.png__a4,WINTER FLAT,9,6,QUEST,QUEST,WINTER,CONVYER,LADIES,image38.png,extracted-images/WINTER_FLAT/row_9/01.png,167,90,26566,1d41ebba0a56f89f9c8137af7febd7d6b4bef4d45d10faccde94a827c6093ae9,1,drawing_anchor,HIGH,VERIFIED,
WINTER_FLAT__row_10__image39.png__a5,WINTER FLAT,10,6,BLOOM,BLOOM,WINTER,CONVYER,LADIES,image39.png,extracted-images/WINTER_FLAT/row_10/01.png,166,96,30162,9fe7f9271ada02f916f9cb22be071965b984aaaf88de3f9e7cdd9f321abd7242,1,drawing_anchor,HIGH,VERIFIED,
WINTER_FLAT__row_11__image40.png__a6,WINTER FLAT,11,6,FLUX,FLUX,WINTER,CONVYER,LADIES,image40.png,extracted-images/WINTER_FLAT/row_11/01.png,160,95,28982,db3f887a8807c49a621aaa5b7365d71a9a669eff90670578b1f19d9cbc74ae2d,1,drawing_anchor,HIGH,VERIFIED,
WINTER_FLAT__row_12__image41.png__a7,WINTER FLAT,12,6,TIDE,TIDE,WINTER,CONVYER,LADIES,image41.png,extracted-images/WINTER_FLAT/row_12/02.png,167,94,29141,53590513cb3909d0d7f671daad650551cc6d462827c19f1071f33442d64e7b99,2,drawing_anchor,HIGH,VERIFIED,
WINTER_FLAT__row_13__image42.png__a8,WINTER FLAT,13,6,SPIRAL,SPIRAL,WINTER,CONVYER,LADIES,image42.png,extracted-images/WINTER_FLAT/row_13/02.png,101,168,9074,61902b78c83471c7a2460aa47feac04577fa911fa5b8c90c40b442af10e3ba08,2,drawing_anchor,HIGH,VERIFIED,
WINTER_FLAT__row_13__image43.png__a9,WINTER FLAT,13,6,SPIRAL,SPIRAL,WINTER,CONVYER,LADIES,image43.png,extracted-images/WINTER_FLAT/row_13/01.png,105,172,9362,91157afc3c7c8ce2da5a8a3ac964212011bc90b19b928dae61d34e55d7d6cdaa,1,drawing_anchor,HIGH,VERIFIED,
WINTER_FLAT__row_12__image44.png__a10,WINTER FLAT,12,6,TIDE,TIDE,WINTER,CONVYER,LADIES,image44.png,extracted-images/WINTER_FLAT/row_12/01.png,171,106,16861,e6aee70a33b4fd9d5675d460666173162dcb7cc1b6a4d34a37c4a00839f379d8,1,drawing_anchor,HIGH,VERIFIED,
WINTER_FLAT__row_14__image45.jpeg__a11,WINTER FLAT,14,6,COUNTRY,COUNTRY,WINTER,CONVYER,LADIES,image45.jpeg,extracted-images/WINTER_FLAT/row_14/01.jpeg,171,104,4873,ded8b584aad2841e6fa05788193dddefa5f11c6e8d84619f265a23696716071b,1,drawing_anchor,HIGH,VERIFIED,
WINTER_FLAT__row_15__image46.jpeg__a12,WINTER FLAT,15,6,SOLENT,SOLENT,WINTER,CONVYER,LADIES,image46.jpeg,extracted-images/WINTER_FLAT/row_15/01.jpeg,171,105,4048,a13ce6329fc47bda562a328291d9eac79ab33f7bd78c4f14d13d8c65e392c43a,1,drawing_anchor,HIGH,VERIFIED,
WINTER_FLAT__row_16__image47.jpeg__a13,WINTER FLAT,16,6,HASTING,HASTING,WINTER,CONVYER,LADIES,image47.jpeg,extracted-images/WINTER_FLAT/row_16/01.jpeg,169,106,4534,d81e8ffcd84e2e7327d9537fe5dcbd3680f9f020812c3b999e8beafd1c413332,1,drawing_anchor,HIGH,VERIFIED,
WINTER_FLAT__row_17__image48.jpeg__a14,WINTER FLAT,17,6,BUGATTI,BUGATTI,WINTER,CONVYER,LADIES,image48.jpeg,extracted-images/WINTER_FLAT/row_17/01.jpeg,172,106,4622,8a90c644b1140c7603745bee7b78e27a7d39138db7d145f868c88915f3577583,1,drawing_anchor,HIGH,VERIFIED,
WINTER_FLAT__row_18__image49.jpeg__a15,WINTER FLAT,18,6,NAPIER,NAPIER,WINTER,CONVYER,LADIES,image49.jpeg,extracted-images/WINTER_FLAT/row_18/01.jpeg,170,105,3970,0d5e4622e221960beb239c24b81cf8484631dd884d2a12cd7d6e67bbdfdaadda,1,drawing_anchor,HIGH,VERIFIED,
WINTER_FLAT__row_19__image50.jpeg__a16,WINTER FLAT,19,6,SCENT,SCENT,WINTER,CONVYER,LADIES,image50.jpeg,extracted-images/WINTER_FLAT/row_19/01.jpeg,100,146,2687,348a76c81cee89e8bfcac5b9a90b9df0ebb775af8bd4893b107067034bc32648,1,drawing_anchor,HIGH,VERIFIED,
WINTER_FLAT__row_21__image51.png__a17,WINTER FLAT,21,6,MM2,MM2,WINTER,CONVYER,LADIES,image51.png,extracted-images/WINTER_FLAT/row_21/01.png,90,160,11519,b18b95807d0c79b9ad5b7b0a600540f54eb09344977c66258cdbd8d9cc61b2b5,1,drawing_anchor,HIGH,VERIFIED,
WINTER_FLAT__row_26__image52.jpeg__a18,WINTER FLAT,26,6,PVC BLADE,PVC BLADE,WINTER,CONVYER,LADIES,image52.jpeg,extracted-images/WINTER_FLAT/row_26/01.jpeg,153,102,2709,b2428cb972746109a33ac7aed2cc7c672487889f5da0ce3e4e7a9ce01714e6a4,1,drawing_anchor,HIGH,VERIFIED,
WINTER_FLAT__row_27__image53.jpeg__a19,WINTER FLAT,27,6,OYNX,OYNX,WINTER,CONVYER,LADIES,image53.jpeg,extracted-images/WINTER_FLAT/row_27/01.jpeg,95,163,5940,a30592bf2cb2c553c629d86fcf17f87616279e39e81aaa162c4c887cc569a6ce,1,drawing_anchor,HIGH,VERIFIED,
WINTER_FLAT__row_39__image54.png__a20,WINTER FLAT,39,6,,,,,,image54.png,extracted-images/_unmatched/WINTER_FLAT/row_39/02.png,821,383,312585,e47807f306558bac95c1a82fe5cadccde56c898b0126f0464a6477929428dc56,2,unmatched,LOW,UNMATCHED,degenerate anchor extent (0 width/height); No article row at anchored excel_row
WINTER_FLAT__row_39__image55.png__a21,WINTER FLAT,39,4,,,,,,image55.png,extracted-images/_unmatched/WINTER_FLAT/row_39/01.png,386,614,234961,b5f3db030fe05a641532a968899087274c53ca7f66375af936ef2cd9454e6067,1,unmatched,LOW,UNMATCHED,No article row at anchored excel_row
WINTER_FLAT__row_23__image56.jpeg__a22,WINTER FLAT,23,6,GLOW-24,GLOW-24,WINTER,CONVYER,LADIES,image56.jpeg,extracted-images/WINTER_FLAT/row_23/01.jpeg,90,166,3202,861230fdf1e2eae76133016ad4d0ffc6e721622fc169000e8505c0d5d4128f90,1,drawing_anchor,HIGH,VERIFIED,
WINTER_FLAT__row_4__image57.png__a24,WINTER FLAT,4,6,MONICA,MONICA,WINTER,CONVYER,LADIES,image57.png,extracted-images/WINTER_FLAT/row_4/02.png,142,66,17411,5e92adf4b5eefdded9d5b9d2fe32fb716d0aa314e97c42fced0d46a3db0a3e74,2,drawing_anchor,HIGH,VERIFIED,
WINTER_FLAT__row_4__image58.png__a25,WINTER FLAT,4,6,MONICA,MONICA,WINTER,CONVYER,LADIES,image58.png,extracted-images/WINTER_FLAT/row_4/01.png,145,35,9174,c67187007a64989748a04c38a57a96a461f0713c1027e082320e5b43193675f8,1,drawing_anchor,HIGH,VERIFIED,
WINTER_FLAT__row_28__image59.jpeg__a26,WINTER FLAT,28,6,LECCE,LECCE,WINTER,CONVYER,LADIES,image59.jpeg,extracted-images/WINTER_FLAT/row_28/01.jpeg,170,106,3429,1a050253924b9e2994a446d6fe2f757a77ea1c2374067f84e892dcb50dbd9dc6,1,drawing_anchor,HIGH,VERIFIED,
WINTER_FLAT__row_6__image35.png__a27,WINTER FLAT,6,6,RAVI,RAVI,WINTER,CONVYER,KIDS,image35.png,extracted-images/WINTER_FLAT/row_6/01.png,159,99,23157,4e243d4ab5bfabae2dcc1f8a1a75e728de6068daf85fb2603ef29bbc5a0139f7,1,drawing_anchor,HIGH,VERIFIED,
WINTER_FLAT__row_22__image51.png__a28,WINTER FLAT,22,6,MM2,MM2,WINTER,CONVYER,KIDS,image51.png,extracted-images/WINTER_FLAT/row_22/01.png,90,160,11519,b18b95807d0c79b9ad5b7b0a600540f54eb09344977c66258cdbd8d9cc61b2b5,1,drawing_anchor,HIGH,VERIFIED,
WINTER_PU__row_3__image60.png__a0,WINTER PU,3,6,ELEGANCE,ELEGANCE,WINTER,CONVYER,LADIES,image60.png,extracted-images/WINTER_PU/row_3/01.png,148,90,21418,ee71d680f525603c20e7cc5c231b1621a5eeb0acaeec09edf1cb93d2972c9cc0,1,drawing_anchor,HIGH,VERIFIED,
WINTER_PU__row_6__image61.jpeg__a1,WINTER PU,6,6,MILA,MILA,WINTER,CONVYER,LADIES,image61.jpeg,extracted-images/WINTER_PU/row_6/01.jpeg,92,152,5194,0c6367b9d9de1e1e3eaa974b2624168c94491171f557bb2c6295b747f9deaca4,1,drawing_anchor,HIGH,VERIFIED,
WINTER_PU__row_16__image54.png__a2,WINTER PU,16,6,,,,,,image54.png,extracted-images/_unmatched/WINTER_PU/row_16/02.png,821,383,312585,e47807f306558bac95c1a82fe5cadccde56c898b0126f0464a6477929428dc56,2,unmatched,LOW,UNMATCHED,degenerate anchor extent (0 width/height); No article row at anchored excel_row
WINTER_PU__row_16__image55.png__a3,WINTER PU,16,4,,,,,,image55.png,extracted-images/_unmatched/WINTER_PU/row_16/01.png,386,614,234961,b5f3db030fe05a641532a968899087274c53ca7f66375af936ef2cd9454e6067,1,unmatched,LOW,UNMATCHED,No article row at anchored excel_row
WINTER_PU__row_4__image62.png__a4,WINTER PU,4,6,BICA,BICA,WINTER,CONVYER,LADIES,image62.png,extracted-images/WINTER_PU/row_4/01.png,137,102,25048,c7a8aa91d90d4ff3d9099ff57cb3b0e44af9e2f69836feb8f988300ae91043a1,1,drawing_anchor,HIGH,VERIFIED,
WINTER_PU__row_5__image63.jpeg__a6,WINTER PU,5,6,CHUNKI / ZENKA,CHUNKI / ZENKA,WINTER,CONVYER,LADIES,image63.jpeg,extracted-images/WINTER_PU/row_5/01.jpeg,84,147,4484,556382535701f0b723dfb688b2a19eac06f4faeb637fadfd1653f61ae89fb032,1,drawing_anchor,HIGH,VERIFIED,
WINTER_DIP_PU__row_3__image64.jpeg__a0,WINTER DIP PU,3,6,ARIA ,ARIA,WINTER,DIP,KIDS,image64.jpeg,extracted-images/WINTER_DIP_PU/row_3/01.jpeg,79,148,3112,e9948263d972e6e250af0a9421ef4b6ee64cd7bfff2073133d5738c9ef26990c,1,drawing_anchor,HIGH,VERIFIED,
WINTER_DIP_PU__row_4__image65.jpeg__a1,WINTER DIP PU,4,6,KIAN,KIAN,WINTER,DIP,KIDS,image65.jpeg,extracted-images/WINTER_DIP_PU/row_4/01.jpeg,170,106,3134,36aa3eb20961b90b597b811ef95986189e8aabeef0831b02b823d6e7da22363f,1,drawing_anchor,HIGH,VERIFIED,
WINTER_DIP_PU__row_6__image66.jpeg__a2,WINTER DIP PU,6,6,DELAA,DELAA,WINTER,DIP,LADIES,image66.jpeg,extracted-images/WINTER_DIP_PU/row_6/01.jpeg,171,107,4523,95250cbda12830ad01c080b6482f1e0bb2c74bf91735f9a1097948433a6ba381,1,drawing_anchor,HIGH,VERIFIED,
WINTER_DIP_PU__row_7__image67.jpeg__a3,WINTER DIP PU,7,6,MERCURY,MERCURY,WINTER,DIP,LADIES,image67.jpeg,extracted-images/WINTER_DIP_PU/row_7/01.jpeg,172,103,4210,bebd0235308ffbe22521d7be1faee9665718f6ad1321d4938911175baba87022,1,drawing_anchor,HIGH,VERIFIED,
WINTER_DIP_PU__row_8__image68.jpeg__a4,WINTER DIP PU,8,6,MARS,MARS,WINTER,DIP,LADIES,image68.jpeg,extracted-images/WINTER_DIP_PU/row_8/01.jpeg,170,105,4100,7b5404f8e800e79c08eff998b001ff5970d68b2bd6ac6c01c4cd0c0d20214003,1,drawing_anchor,HIGH,VERIFIED,
WINTER_DIP_PU__row_9__image69.jpeg__a5,WINTER DIP PU,9,6,JUPITER,JUPITER,WINTER,DIP,LADIES,image69.jpeg,extracted-images/WINTER_DIP_PU/row_9/01.jpeg,170,105,3877,ca65dd4d31dcef450d53616a2ba8f1be835e9ceb53ab81ab777a975466ef24d8,1,drawing_anchor,HIGH,VERIFIED,
WINTER_DIP_PU__row_5__image70.jpeg__a6,WINTER DIP PU,5,6,MASON,MASON,WINTER,DIP,KIDS,image70.jpeg,extracted-images/WINTER_DIP_PU/row_5/01.jpeg,171,91,3742,d8cdd658c6f342f4d8c943e9211bfdf4aaae736cded5cd2e6464840effa0a719,1,drawing_anchor,HIGH,VERIFIED,
WINTER_DIP_PU__row_19__image54.png__a7,WINTER DIP PU,19,6,,,,,,image54.png,extracted-images/_unmatched/WINTER_DIP_PU/row_19/02.png,821,383,312585,e47807f306558bac95c1a82fe5cadccde56c898b0126f0464a6477929428dc56,2,unmatched,LOW,UNMATCHED,degenerate anchor extent (0 width/height); No article row at anchored excel_row
WINTER_DIP_PU__row_19__image55.png__a8,WINTER DIP PU,19,4,,,,,,image55.png,extracted-images/_unmatched/WINTER_DIP_PU/row_19/01.png,386,614,234961,b5f3db030fe05a641532a968899087274c53ca7f66375af936ef2cd9454e6067,1,unmatched,LOW,UNMATCHED,No article row at anchored excel_row
WINTER_DIP_PVC__row_4__image71.png__a0,WINTER DIP PVC,4,6,Dora,DORA,WINTER,DIP,KIDS,image71.png,extracted-images/WINTER_DIP_PVC/row_4/02.png,140,36,6683,a0b491313ed60921ef12cd2849a6461b2e39c6bdb29de5139fa46be5ead9c349,2,drawing_anchor,HIGH,VERIFIED,
WINTER_DIP_PVC__row_4__image72.png__a1,WINTER DIP PVC,4,6,Dora,DORA,WINTER,DIP,KIDS,image72.png,extracted-images/WINTER_DIP_PVC/row_4/01.png,135,54,11188,4708a4d24b114548d3903bd182f5cd87864defef936273e3071f5d45134862ad,1,drawing_anchor,HIGH,VERIFIED,
WINTER_DIP_PVC__row_6__image73.png__a2,WINTER DIP PVC,6,6,RIVO,RIVO,WINTER,DIP,LADIES,image73.png,extracted-images/WINTER_DIP_PVC/row_6/01.png,162,101,19925,2cf7b614979c2af392e1dd417cad033e8770ad994d3098ecc813c8bb9afac5d2,1,drawing_anchor,HIGH,VERIFIED,
WINTER_DIP_PVC__row_8__image74.jpeg__a3,WINTER DIP PVC,8,6,WAX,WAX,WINTER,DIP,LADIES,image74.jpeg,extracted-images/WINTER_DIP_PVC/row_8/01.jpeg,166,102,2908,9df3bab8a20ffe373ef72af429358e70a3e9c6ccfe98eab65c1977a0246bdb63,1,drawing_anchor,HIGH,VERIFIED,
WINTER_DIP_PVC__row_11__image75.jpeg__a4,WINTER DIP PVC,11,6,VOGUE,VOGUE,WINTER,DIP,LADIES,image75.jpeg,extracted-images/WINTER_DIP_PVC/row_11/01.jpeg,102,164,3223,72c7936d06afbe45fa1f3cb8acfe7204b71ae92589b8c3e80abbe609fb7ccdab,1,drawing_anchor,HIGH,VERIFIED,
WINTER_DIP_PVC__row_14__image76.jpeg__a5,WINTER DIP PVC,14,6,NOVA,NOVA,WINTER,DIP,LADIES,image76.jpeg,extracted-images/WINTER_DIP_PVC/row_14/01.jpeg,101,164,3993,bff0a61abdc349805379999ea0e4fd94b1d9329eda5aea590def59f13c1a0a70,1,drawing_anchor,HIGH,VERIFIED,
WINTER_DIP_PVC__row_16__image77.jpeg__a6,WINTER DIP PVC,16,6,JAFNA,JAFNA,WINTER,DIP,LADIES,image77.jpeg,extracted-images/WINTER_DIP_PVC/row_16/01.jpeg,161,100,3031,b090f87679b2f1916ead037b099450b40dc19993ad6d87b46b89b29c471ed258,1,drawing_anchor,HIGH,VERIFIED,
WINTER_DIP_PVC__row_3__image78.jpeg__a7,WINTER DIP PVC,3,6,Casper,CASPER,WINTER,DIP,KIDS,image78.jpeg,extracted-images/WINTER_DIP_PVC/row_3/01.jpeg,165,101,4505,30e007d44088c625ab40562f1e33d7ffc4264031f8b6855eac2095d315739a0c,1,drawing_anchor,HIGH,VERIFIED,
WINTER_DIP_PVC__row_9__image79.jpeg__a8,WINTER DIP PVC,9,6,PRISIM,PRISIM,WINTER,DIP,LADIES,image79.jpeg,extracted-images/WINTER_DIP_PVC/row_9/01.jpeg,153,95,4418,d3f656e8eff8440ff9569a6932a76b0d65c2aac4fd7b26d9c0c7f5f4d3549038,1,drawing_anchor,HIGH,VERIFIED,
WINTER_DIP_PVC__row_13__image80.jpeg__a9,WINTER DIP PVC,13,6,ESSENCE,ESSENCE,WINTER,DIP,LADIES,image80.jpeg,extracted-images/WINTER_DIP_PVC/row_13/02.jpeg,158,52,2439,e5167dcbce1b53f38405ee5892d998d035fc63de31a554f99c3f2c268ba1dcf9,2,drawing_anchor,HIGH,VERIFIED,
WINTER_DIP_PVC__row_5__image81.jpeg__a10,WINTER DIP PVC,5,6,SKATE,SKATE,WINTER,DIP,KIDS,image81.jpeg,extracted-images/WINTER_DIP_PVC/row_5/01.jpeg,158,97,4307,d3de8cf24766209197a028278c5fe74d6de92ab163d1c93439ed2d1596d2c122,1,drawing_anchor,HIGH,VERIFIED,
WINTER_DIP_PVC__row_12__image82.jpeg__a11,WINTER DIP PVC,12,6,ECHO,ECHO,WINTER,DIP,LADIES,image82.jpeg,extracted-images/WINTER_DIP_PVC/row_12/01.jpeg,159,99,4681,f235cc55e1d68b2652f5aa4cafe8b56508a41eb2abc1a470f162e47f3710853e,1,drawing_anchor,HIGH,VERIFIED,
WINTER_DIP_PVC__row_10__image83.jpeg__a12,WINTER DIP PVC,10,6,VIVID,VIVID,WINTER,DIP,LADIES,image83.jpeg,extracted-images/WINTER_DIP_PVC/row_10/01.jpeg,161,44,2189,f17f54df040be9032f7817f7a445f1b227d157fa555ca1850afcb643735c8514,1,drawing_anchor,HIGH,VERIFIED,
WINTER_DIP_PVC__row_20__image84.jpeg__a13,WINTER DIP PVC,20,6,HOPE,HOPE,WINTER,DIP,KIDS,image84.jpeg,extracted-images/WINTER_DIP_PVC/row_20/01.jpeg,172,105,3715,3fc60bb81f0d73b9c188d8d707120866d754e323efe1d1d6ca900fac47ff20b3,1,drawing_anchor,HIGH,VERIFIED,
WINTER_DIP_PVC__row_21__image85.jpeg__a14,WINTER DIP PVC,21,6,BERENA,BERENA,WINTER,DIP,KIDS,image85.jpeg,extracted-images/WINTER_DIP_PVC/row_21/01.jpeg,171,105,3149,e7e200f452f334cd2e94bb4a3394ff683dac41042fb8cc6ef4ef3b9576c072c5,1,drawing_anchor,HIGH,VERIFIED,
WINTER_DIP_PVC__row_19__image86.jpeg__a15,WINTER DIP PVC,19,6,25009,25009,WINTER,DIP,GENTS,image86.jpeg,extracted-images/WINTER_DIP_PVC/row_19/01.jpeg,170,106,3686,118470f8296e126ad1566a1da799351dac3a1954925baeb47e9449e209ad8e87,1,drawing_anchor,HIGH,VERIFIED,
WINTER_DIP_PVC__row_22__image87.jpeg__a16,WINTER DIP PVC,22,6,ASOLO,ASOLO,WINTER,DIP,LADIES,image87.jpeg,extracted-images/WINTER_DIP_PVC/row_22/01.jpeg,170,105,3869,6110f9227a37f7c1291f92f076e365688c0ef7c92e97532354882717f576d78a,1,drawing_anchor,HIGH,VERIFIED,
WINTER_DIP_PVC__row_23__image88.jpeg__a17,WINTER DIP PVC,23,6,BOZEN,BOZEN,WINTER,DIP,LADIES,image88.jpeg,extracted-images/WINTER_DIP_PVC/row_23/01.jpeg,170,105,3663,bcfe6ce176042247a89ec847f2ff9b6ba892a847a66e4c66c2e985f8e0baa728,1,drawing_anchor,HIGH,VERIFIED,
WINTER_DIP_PVC__row_13__image89.jpeg__a18,WINTER DIP PVC,13,6,ESSENCE,ESSENCE,WINTER,DIP,LADIES,image89.jpeg,extracted-images/WINTER_DIP_PVC/row_13/01.jpeg,158,55,1665,545f7b96f59668283a81e8f87e23689000d1bc6119b20d210ecd86d957986564,1,drawing_anchor,HIGH,VERIFIED,
WINTER_DIP_PVC__row_10__image90.png__a19,WINTER DIP PVC,10,6,VIVID,VIVID,WINTER,DIP,LADIES,image90.png,extracted-images/WINTER_DIP_PVC/row_10/02.png,159,55,10192,f7fd984767624da7bbf9c7a695a3e7211462d0fc288085b08a923a51a96ecd79,2,drawing_anchor,HIGH,VERIFIED,
WINTER_DIP_PVC__row_7__image91.jpeg__a20,WINTER DIP PVC,7,6,BRIGHT,BRIGHT,WINTER,DIP,LADIES,image91.jpeg,extracted-images/WINTER_DIP_PVC/row_7/01.jpeg,166,103,5380,fb51c9a12cd204d7d8fd4e930603110674707cd95668b14b7fe0f7a30f35e588,1,drawing_anchor,HIGH,VERIFIED,
WINTER_DIP_PVC__row_15__image92.jpeg__a21,WINTER DIP PVC,15,6,JETTY,JETTY,WINTER,DIP,LADIES,image92.jpeg,extracted-images/WINTER_DIP_PVC/row_15/01.jpeg,170,105,4889,26e74193734bdcf5babe3198e554dab1b14854ffeed1af7eb4a9c6409cf418da,1,drawing_anchor,HIGH,VERIFIED,
WINTER_DIP_PVC__row_24__image93.png__a22,WINTER DIP PVC,24,6,AMALIA,AMALIA,WINTER,DIP,KIDS,image93.png,extracted-images/WINTER_DIP_PVC/row_24/01.png,69,168,5768,2743b53c18ba323aebb0b2be2e4f1a46c0805b0a87dd061b699910b35b65924a,1,drawing_anchor,HIGH,VERIFIED,
WINTER_DIP_PVC__row_25__image94.jpeg__a23,WINTER DIP PVC,25,6,RIVER,RIVER,WINTER,DIP,KIDS,image94.jpeg,extracted-images/WINTER_DIP_PVC/row_25/01.jpeg,69,162,3706,3cfe7661820ee682c24db013dbcb3483d1444844d3050ea2c9e2543d8514f80d,1,drawing_anchor,HIGH,VERIFIED,
WINTER_DIP_PVC__row_26__image95.jpeg__a24,WINTER DIP PVC,26,6,LIAM,LIAM,WINTER,DIP,KIDS,image95.jpeg,extracted-images/WINTER_DIP_PVC/row_26/01.jpeg,67,168,3542,e961ce2ecc494e966fe31860dc26fdec24fc5357729249dc46e2a72c8aca11be,1,drawing_anchor,HIGH,VERIFIED,
WINTER_DIP_PVC__row_27__image98.jpeg__a26,WINTER DIP PVC,27,6,ALINA,ALINA,WINTER,DIP,KIDS,image98.jpeg,extracted-images/WINTER_DIP_PVC/row_27/01.jpeg,73,152,3321,cfa9d84d82366546f5b953a1884f2a30d1a28fc9f165e92d7f9e170a690c7a27,1,drawing_anchor,HIGH,VERIFIED,
WINTER_DIP_PVC__row_38__image54.png__a27,WINTER DIP PVC,38,6,,,,,,image54.png,extracted-images/_unmatched/WINTER_DIP_PVC/row_38/02.png,821,383,312585,e47807f306558bac95c1a82fe5cadccde56c898b0126f0464a6477929428dc56,2,unmatched,LOW,UNMATCHED,degenerate anchor extent (0 width/height); No article row at anchored excel_row
WINTER_DIP_PVC__row_38__image55.png__a28,WINTER DIP PVC,38,4,,,,,,image55.png,extracted-images/_unmatched/WINTER_DIP_PVC/row_38/01.png,386,614,234961,b5f3db030fe05a641532a968899087274c53ca7f66375af936ef2cd9454e6067,1,unmatched,LOW,UNMATCHED,No article row at anchored excel_row
WINTER_DIP_PVC__row_17__image99.jpeg__a30,WINTER DIP PVC,17,6,JAIN,JAIN,WINTER,DIP,LADIES,image99.jpeg,extracted-images/WINTER_DIP_PVC/row_17/01.jpeg,99,170,4057,010e63b4c7ca93fbdbb86ff9a95979bbcb0e6ff4cff1baec813fdd6661d4aeaf,1,drawing_anchor,HIGH,VERIFIED,
WINTER_DIP_PVC__row_18__image100.png__a31,WINTER DIP PVC,18,6,BENNY-K,BENNY-K,WINTER,DIP,KIDS,image100.png,extracted-images/WINTER_DIP_PVC/row_18/01.png,159,64,23192,36d2c3d248e93ee90cafd52c84439cf25cdfbaa478a8a792eabd7609da1b6d62,1,drawing_anchor,HIGH,VERIFIED,
SUMMER_HEEL__row_19__image101.png__a0,SUMMER HEEL,19,6,Star,STAR,SUMMER,CONVYER,LADIES,image101.png,extracted-images/SUMMER_HEEL/row_19/01.png,560,353,228495,d5c68c02468c7be77502de8df482c521aa8d908eddac99d34c1550bc0fcc3fcf,1,drawing_anchor,LOW,NEEDS_REVIEW,degenerate anchor extent (0 width/height)
SUMMER_HEEL__row_48__image54.png__a1,SUMMER HEEL,48,6,,,,,,image54.png,extracted-images/_unmatched/SUMMER_HEEL/row_48/02.png,821,383,312585,e47807f306558bac95c1a82fe5cadccde56c898b0126f0464a6477929428dc56,2,unmatched,LOW,UNMATCHED,degenerate anchor extent (0 width/height); No article row at anchored excel_row
SUMMER_HEEL__row_48__image55.png__a2,SUMMER HEEL,48,4,,,,,,image55.png,extracted-images/_unmatched/SUMMER_HEEL/row_48/01.png,386,614,234961,b5f3db030fe05a641532a968899087274c53ca7f66375af936ef2cd9454e6067,1,unmatched,LOW,UNMATCHED,No article row at anchored excel_row
SUMMER_HEEL__row_3__image5.jpeg__a3,SUMMER HEEL,3,6,7026,7026,WINTER / SUMMER,CONVYER,LADIES,image5.jpeg,extracted-images/SUMMER_HEEL/row_3/01.jpeg,122,98,1961,f62020b07f10fc702a5da7cffb07840add44199991575e2d3e98ef3787b88fb3,1,drawing_anchor,HIGH,VERIFIED,
SUMMER_HEEL__row_4__image6.jpeg__a4,SUMMER HEEL,4,6,"SLIP
(40179)",SLIP (40179),WINTER / SUMMER,CONVYER,LADIES,image6.jpeg,extracted-images/SUMMER_HEEL/row_4/01.jpeg,97,101,1702,d7da6f6ed64c2893ff7e066351b6cb7fd183c8c3ca0f8d479b9c230add8eee97,1,drawing_anchor,HIGH,VERIFIED,
SUMMER_HEEL__row_5__image7.jpeg__a5,SUMMER HEEL,5,6,Breeze,BREEZE,WINTER / SUMMER,CONVYER,LADIES,image7.jpeg,extracted-images/SUMMER_HEEL/row_5/01.jpeg,77,90,1606,28b24ab7cced9fcb6ccc04e7405bd0e81209205d2f4c44bc0aee7aa554f8c6dd,1,drawing_anchor,HIGH,VERIFIED,
SUMMER_HEEL__row_9__image102.jpeg__a6,SUMMER HEEL,9,6,3232,3232,SUMMER,CONVYER,LADIES,image102.jpeg,extracted-images/SUMMER_HEEL/row_9/01.jpeg,121,96,1913,2bceff4a577b47fb399d6edabcb7a6c264e96833fb777042ab578e80f7008722,1,drawing_anchor,HIGH,VERIFIED,
SUMMER_HEEL__row_10__image103.jpeg__a7,SUMMER HEEL,10,6,Bonita,BONITA,SUMMER,CONVYER,LADIES,image103.jpeg,extracted-images/SUMMER_HEEL/row_10/01.jpeg,113,96,1929,521096d9010b44ee968d8d1b77280882a3dae4c47fead19f5c57abfc3cbbab7d,1,drawing_anchor,HIGH,VERIFIED,
SUMMER_HEEL__row_11__image9.png__a8,SUMMER HEEL,11,6,Reef,REEF,WINTER / SUMMER,CONVYER,LADIES,image9.png,extracted-images/SUMMER_HEEL/row_11/01.png,113,98,22384,eb813c1b42359af08a4b8bcccd3ada0a2b94ccac1373ab04b224d92a51eadc90,1,drawing_anchor,HIGH,VERIFIED,
SUMMER_HEEL__row_12__image10.png__a9,SUMMER HEEL,12,6,Zeeta paint,ZEETA PAINT,WINTER / SUMMER,CONVYER,LADIES,image10.png,extracted-images/SUMMER_HEEL/row_12/01.png,100,109,24994,7034b7f32594695f19606bdb6bdc24c684046ce9c4ddd950fcc5383d92bded92,1,drawing_anchor,HIGH,VERIFIED,
SUMMER_HEEL__row_15__image11.png__a10,SUMMER HEEL,15,6,ORION,ORION,WINTER / SUMMER,CONVYER,LADIES,image11.png,extracted-images/SUMMER_HEEL/row_15/01.png,97,152,33479,f3581df5356a8cbb4129da5ae69e1ed0e0ee47d2cbb5edb3c801b991804b5a66,1,drawing_anchor,HIGH,VERIFIED,
SUMMER_HEEL__row_16__image12.png__a11,SUMMER HEEL,16,6,River,RIVER,WINTER / SUMMER,CONVYER,LADIES,image12.png,extracted-images/SUMMER_HEEL/row_16/01.png,109,97,21009,45d8aa018fed114856225b06d1d9b2c05201b3d768651c88a89e9ba52b8d7fbf,1,drawing_anchor,HIGH,VERIFIED,
SUMMER_HEEL__row_17__image104.png__a12,SUMMER HEEL,17,6,2927,2927,SUMMER,CONVYER,LADIES,image104.png,extracted-images/SUMMER_HEEL/row_17/01.png,103,104,20975,a5a1ef326cba8c19416da6b6b6dedc5a7840106d1c084633c9af23e71a1bba94,1,drawing_anchor,HIGH,VERIFIED,
SUMMER_HEEL__row_18__image31.png__a13,SUMMER HEEL,18,6,7029,7029,WINTER / SUMMER,CONVYER,LADIES,image31.png,extracted-images/SUMMER_HEEL/row_18/01.png,116,96,20987,94fbd0f738ef14aceedee71021d6c26c8caa30017392964491b84b662c018154,1,drawing_anchor,HIGH,VERIFIED,
SUMMER_HEEL__row_19__image105.jpeg__a14,SUMMER HEEL,19,6,Star,STAR,SUMMER,CONVYER,LADIES,image105.jpeg,extracted-images/SUMMER_HEEL/row_19/02.jpeg,111,102,1968,94678c56529dec243c94a033d2ab636579a4e931cfe86cc32380cf2379dca365,2,drawing_anchor,HIGH,VERIFIED,
SUMMER_HEEL__row_20__image106.png__a15,SUMMER HEEL,20,6,7046,7046,SUMMER,CONVYER,LADIES,image106.png,extracted-images/SUMMER_HEEL/row_20/01.png,95,147,19744,63f3a62bf31676cbfc7f36324bcaaeffbd367ac2cbcadd883c7d6e325fb4d536,1,drawing_anchor,HIGH,VERIFIED,
SUMMER_HEEL__row_22__image107.png__a16,SUMMER HEEL,22,6,Cara,CARA,WINTER / SUMMER,CONVYER,LADIES,image107.png,extracted-images/SUMMER_HEEL/row_22/01.png,155,99,22868,2384ead34271e8c0a0af4b2c4093f41bdb639ecfb183f65c820a947d8b2ecec1,1,drawing_anchor,HIGH,VERIFIED,
SUMMER_HEEL__row_23__image108.png__a17,SUMMER HEEL,23,6,40179,40179,WINTER / SUMMER,CONVYER,LADIES,image108.png,extracted-images/SUMMER_HEEL/row_23/01.png,113,103,19558,06e32fa5a3bfdda04133bd750e1509b0a88b124af0068d37d3eae761486f7476,1,drawing_anchor,HIGH,VERIFIED,
SUMMER_HEEL__row_24__image109.jpeg__a18,SUMMER HEEL,24,6,C-15,C-15,SUMMER,CONVYER,LADIES,image109.jpeg,extracted-images/SUMMER_HEEL/row_24/01.jpeg,130,95,2787,5c175b74749281e1acb3028dd21712e943a5a648b8cd4710b6ceed222d94b473,1,drawing_anchor,HIGH,VERIFIED,
SUMMER_HEEL__row_25__image110.jpeg__a19,SUMMER HEEL,25,6,BRIGHT,BRIGHT,SUMMER,CONVYER,LADIES,image110.jpeg,extracted-images/SUMMER_HEEL/row_25/01.jpeg,131,103,2319,36d22353aa14b393b6901bccefa2ee7785062c50fcd448237a747f4af66c20c1,1,drawing_anchor,HIGH,VERIFIED,
SUMMER_HEEL__row_26__image25.png__a20,SUMMER HEEL,26,6,KIZA,KIZA,WINTER / SUMMER,CONVYER,LADIES,image25.png,extracted-images/SUMMER_HEEL/row_26/01.png,105,101,25681,128be2f2fa977b542759fcfa05668d9c2e19b41bd60c606349478f5ed26dda6b,1,drawing_anchor,HIGH,VERIFIED,
SUMMER_HEEL__row_28__image111.jpeg__a21,SUMMER HEEL,28,6,XY-521,XY-521,SUMMER,CONVYER,LADIES,image111.jpeg,extracted-images/SUMMER_HEEL/row_28/01.jpeg,83,97,1253,81df9b51e344e8c051ab23afc78f3c7b480878a71b60cdff940375019adfee45,1,drawing_anchor,HIGH,VERIFIED,
SUMMER_HEEL__row_29__image112.jpeg__a22,SUMMER HEEL,29,6,Lia-Wedge,LIA-WEDGE,SUMMER,CONVYER,LADIES,image112.jpeg,extracted-images/SUMMER_HEEL/row_29/01.jpeg,166,59,1897,40e0f223c9c44effb55cab311c96e2ef9a08908ba1616f2334d3e7c3ad9ce4b2,1,drawing_anchor,HIGH,VERIFIED,
SUMMER_HEEL__row_30__image26.jpeg__a23,SUMMER HEEL,30,6,ROZY,ROZY,WINTER / SUMMER,CONVYER,LADIES,image26.jpeg,extracted-images/SUMMER_HEEL/row_30/01.jpeg,166,93,2325,51e2fb0260fb6e39bcc30d2532e81896a70dff9cb23df5630290968a7ae39994,1,drawing_anchor,HIGH,VERIFIED,
SUMMER_HEEL__row_31__image113.jpeg__a24,SUMMER HEEL,31,6,SHANGRILLA,SHANGRILLA,SUMMER,CONVYER,LADIES,image113.jpeg,extracted-images/SUMMER_HEEL/row_31/01.jpeg,116,92,3127,be8e8e67729a067657675bef5663b3c1aee629887d6545d5b9cba4f9c57a5a69,1,drawing_anchor,HIGH,VERIFIED,
SUMMER_HEEL__row_32__image114.jpeg__a25,SUMMER HEEL,32,6,BLUE,BLUE,WINTER,CONVYER,LADIES,image114.jpeg,extracted-images/SUMMER_HEEL/row_32/01.jpeg,108,93,1954,a489fc6c3e3bcd10f9556307f532441e311ded5895061459fa8bc47404129d40,1,drawing_anchor,HIGH,VERIFIED,
SUMMER_HEEL__row_33__image115.jpeg__a26,SUMMER HEEL,33,6,1263,1263,SUMMER,CONVYER,LADIES,image115.jpeg,extracted-images/SUMMER_HEEL/row_33/01.jpeg,106,95,1462,9b7cac2e20a6fa9d672340f57ef9cba5702da12322e55f09a45ac4baa928559c,1,drawing_anchor,HIGH,VERIFIED,
SUMMER_HEEL__row_34__image116.jpeg__a27,SUMMER HEEL,34,6,888-8,888-8,SUMMER,CONVYER,LADIES,image116.jpeg,extracted-images/SUMMER_HEEL/row_34/01.jpeg,108,94,1531,209f191ecdd6751087904c653e88cfcb9ddd766cd7136ef60f89ecc6ce36648e,1,drawing_anchor,HIGH,VERIFIED,
SUMMER_HEEL__row_35__image117.jpeg__a28,SUMMER HEEL,35,6,6989,6989,SUMMER,CONVYER,LADIES,image117.jpeg,extracted-images/SUMMER_HEEL/row_35/01.jpeg,117,100,1695,01ff8e0868c1eae8f65fc52ba35ea41565f62341b4edd87ff1322ed26d58b975,1,drawing_anchor,HIGH,VERIFIED,
SUMMER_HEEL__row_36__image118.jpeg__a29,SUMMER HEEL,36,6,7303,7303,SUMMER,CONVYER,LADIES,image118.jpeg,extracted-images/SUMMER_HEEL/row_36/01.jpeg,122,103,1618,d0c636b16774463662f093882c29dcd3870f90507e15bb75d5d31152486b99c0,1,drawing_anchor,HIGH,VERIFIED,
SUMMER_HEEL__row_37__image119.jpeg__a30,SUMMER HEEL,37,6,22043,22043,SUMMER,CONVYER,LADIES,image119.jpeg,extracted-images/SUMMER_HEEL/row_37/01.jpeg,123,104,1610,f86df4341c4c3b404e91805e32d4310dac5cfca920d74fb04e279409fc779f27,1,drawing_anchor,HIGH,VERIFIED,
SUMMER_HEEL__row_38__image120.jpeg__a31,SUMMER HEEL,38,6,TALLY,TALLY,SUMMER,CONVYER,LADIES,image120.jpeg,extracted-images/SUMMER_HEEL/row_38/01.jpeg,167,104,2174,5135806f1342a0159a9032273f983b4827547c6d8e0efbd52fcc66541dfc04ce,1,drawing_anchor,HIGH,VERIFIED,
SUMMER_HEEL__row_13__image121.jpeg__a33,SUMMER HEEL,13,6,ZETA R,ZETA R,SUMMER,CONVYER,LADIES,image121.jpeg,extracted-images/SUMMER_HEEL/row_13/01.jpeg,167,103,3075,90344c679b395a8f8e816a9dc7ba1aad9022604c984bcf5d59820b9df15cbea2,1,drawing_anchor,HIGH,VERIFIED,
SUMMER_HEEL__row_14__image122.jpeg__a34,SUMMER HEEL,14,6,ZETA T,ZETA T,SUMMER,CONVYER,LADIES,image122.jpeg,extracted-images/SUMMER_HEEL/row_14/01.jpeg,171,105,3298,76918ab29909aafad8e5ba2472df153723eefee4cf6eca1c58fc8405a1cbd454,1,drawing_anchor,HIGH,VERIFIED,
SUMMER_HEEL__row_21__image27.png__a35,SUMMER HEEL,21,6,C-Height,C-HEIGHT,WINTER / SUMMER,CONVYER,LADIES,image27.png,extracted-images/SUMMER_HEEL/row_21/01.png,91,138,34044,6207dc133ecbb82e76f2667ea30cc4f62a05624c9a6517d3a3cfcfe42fd73d6f,1,drawing_anchor,HIGH,VERIFIED,
SUMMER_HEEL__row_7__image123.jpeg__a36,SUMMER HEEL,7,6,714,714,SUMMER,CONVYER,LADIES,image123.jpeg,extracted-images/SUMMER_HEEL/row_7/01.jpeg,62,100,1467,3a62a2776fad70e6d89729e8915297a857b0ffa3b3c7c31a520bbb6cf5599f22,1,drawing_anchor,HIGH,VERIFIED,
SUMMER_HEEL__row_6__image124.jpeg__a37,SUMMER HEEL,6,6,7070,7070,SUMMER,CONVYER,LADIES,image124.jpeg,extracted-images/SUMMER_HEEL/row_6/01.jpeg,126,97,1701,acd3cf1d7d00063f8818aa42a4d57e3194d236ede6ed9019f36ef4835aa3094b,1,drawing_anchor,HIGH,VERIFIED,
SUMMER_FLAT__row_3__image125.png__a0,SUMMER FLAT,3,6,GLIP,GLIP,SUMMER,CONVYER,LADIES,image125.png,extracted-images/SUMMER_FLAT/row_3/01.png,171,99,25855,467a8c7966af7fef9636306c7350d464ca9f00e6d415354dca8a4335710253e9,1,drawing_anchor,HIGH,VERIFIED,
SUMMER_FLAT__row_4__image126.png__a1,SUMMER FLAT,4,6,BAYLA,BAYLA,SUMMER,CONVYER,LADIES,image126.png,extracted-images/SUMMER_FLAT/row_4/02.png,159,102,20011,06289f3d6ecbd6276572d84b894b950edad33a9cd510d7dca35e98821a890758,2,drawing_anchor,HIGH,VERIFIED,
SUMMER_FLAT__row_4__image127.png__a2,SUMMER FLAT,4,6,BAYLA,BAYLA,SUMMER,CONVYER,LADIES,image127.png,extracted-images/SUMMER_FLAT/row_4/01.png,170,93,20205,ecff0bab92290270f963c330ce00122757ba6130ca8528630ebac4e7e4eab659,1,drawing_anchor,HIGH,VERIFIED,
SUMMER_FLAT__row_6__image128.png__a3,SUMMER FLAT,6,6,VOILET,VOILET,SUMMER,CONVYER,LADIES,image128.png,extracted-images/SUMMER_FLAT/row_6/01.png,4160,3120,11635070,2a2daa394f4539697195fe4a4117873a8aec8e73a25a2a93228fb8a63e935567,1,drawing_anchor,HIGH,VERIFIED,
SUMMER_FLAT__row_6__image129.jpeg__a4,SUMMER FLAT,6,6,VOILET,VOILET,SUMMER,CONVYER,LADIES,image129.jpeg,extracted-images/SUMMER_FLAT/row_6/02.jpeg,162,101,2738,0cf8c19a8f315cd8436c448f369da8bc789fa32d1cc96531c1d9f37fb6cd915e,2,drawing_anchor,HIGH,VERIFIED,
SUMMER_FLAT__row_7__image130.jpeg__a5,SUMMER FLAT,7,6,LEAVI,LEAVI,SUMMER,CONVYER,LADIES,image130.jpeg,extracted-images/SUMMER_FLAT/row_7/01.jpeg,171,105,3875,3d0ff4079ab5c28a7cd03cb2c916677243ebfb88633e3848830bd8e4357d64cf,1,drawing_anchor,HIGH,VERIFIED,
SUMMER_FLAT__row_8__image131.jpeg__a6,SUMMER FLAT,8,6,GL006,GL006,SUMMER,CONVYER,LADIES,image131.jpeg,extracted-images/SUMMER_FLAT/row_8/01.jpeg,171,105,3529,64aeb1150041cf0b8e15214145bd134fdb8300297fe978d0ff18f067d7d33945,1,drawing_anchor,HIGH,VERIFIED,
SUMMER_FLAT__row_9__image132.jpeg__a7,SUMMER FLAT,9,6,CAPRICE,CAPRICE,WINTER,CONVYER,LADIES,image132.jpeg,extracted-images/SUMMER_FLAT/row_9/01.jpeg,171,105,3810,424bfc776711aedbc6d3b6685dcdd65f76d1b0091bc0f18c20b2d662b44f9655,1,drawing_anchor,HIGH,VERIFIED,
SUMMER_FLAT__row_10__image133.png__a8,SUMMER FLAT,10,6,8680,8680,SUMMER,CONVYER,LADIES,image133.png,extracted-images/SUMMER_FLAT/row_10/01.png,101,170,33829,29b000437ba40b4a9ffa87db29eb01cd80d9ce88e34e994861aa910583daba9c,1,drawing_anchor,HIGH,VERIFIED,
SUMMER_FLAT__row_14__image134.jpeg__a9,SUMMER FLAT,14,6,BELGIUM,BELGIUM,SUMMER,CONVYER,LADIES,image134.jpeg,extracted-images/SUMMER_FLAT/row_14/01.jpeg,103,168,3103,78a20da7d56f5d822944a87e25b285606f37e8cd44154cd1bf61a5fe9fdc2c17,1,drawing_anchor,HIGH,VERIFIED,
SUMMER_FLAT__row_11__image135.png__a10,SUMMER FLAT,11,6,8681,8681,SUMMER,CONVYER,LADIES,image135.png,extracted-images/SUMMER_FLAT/row_11/01.png,166,102,30899,e75f68c12e50b1789b029aadc01a684217dba5329f2645c9fbb439f908db1162,1,drawing_anchor,HIGH,VERIFIED,
SUMMER_FLAT__row_12__image136.jpeg__a11,SUMMER FLAT,12,6,DRIFT,DRIFT,SUMMER,CONVYER,LADIES,image136.jpeg,extracted-images/SUMMER_FLAT/row_12/01.jpeg,102,142,2889,5714dce211eefcd804aa6b44297ea8aa2d4c62cd1a0baf85b97d01cac1b8efa5,1,drawing_anchor,HIGH,VERIFIED,
SUMMER_FLAT__row_13__image137.jpeg__a12,SUMMER FLAT,13,6,LAVA,LAVA,SUMMER,CONVYER,LADIES,image137.jpeg,extracted-images/SUMMER_FLAT/row_13/01.jpeg,106,157,3198,b2a6f4a25930800009cefdf697ff1482ee8776235851a0eb84b3a10f24c7b844,1,drawing_anchor,HIGH,VERIFIED,
SUMMER_FLAT__row_15__image138.jpeg__a13,SUMMER FLAT,15,6,TOGO,TOGO,SUMMER,CONVYER,LADIES,image138.jpeg,extracted-images/SUMMER_FLAT/row_15/01.jpeg,153,103,3434,2c62fc512c5efba0eef85424c33d8c5517be935d73894f57a590e2e0c8eb8186,1,drawing_anchor,HIGH,VERIFIED,
SUMMER_FLAT__row_16__image139.jpeg__a14,SUMMER FLAT,16,6,TROUT,TROUT,SUMMER,CONVYER,LADIES,image139.jpeg,extracted-images/SUMMER_FLAT/row_16/01.jpeg,102,170,4090,6c4a7a92b8abf085657f00163440e800434dbf5c8cb87fd25b859dbafdc5f347,1,drawing_anchor,HIGH,VERIFIED,
SUMMER_FLAT__row_5__image140.png__a15,SUMMER FLAT,5,6,RENERA,RENERA,SUMMER,CONVYER,LADIES,image140.png,extracted-images/SUMMER_FLAT/row_5/01.png,170,105,22669,d43e14bb2d6ea9b09860dc4e070b737581e5af94db9cda42a968a1f6a2bf3527,1,drawing_anchor,HIGH,VERIFIED,
SUMMER_FLAT__row_47__image54.png__a16,SUMMER FLAT,47,6,,,,,,image54.png,extracted-images/_unmatched/SUMMER_FLAT/row_47/01.png,821,383,312585,e47807f306558bac95c1a82fe5cadccde56c898b0126f0464a6477929428dc56,1,unmatched,LOW,UNMATCHED,degenerate anchor extent (0 width/height); No article row at anchored excel_row
SUMMER_FLAT__row_17__image141.png__a17,SUMMER FLAT,17,6,Renela,RENELA,SUMMER,CONVYER,LADIES,image141.png,extracted-images/SUMMER_FLAT/row_17/02.png,2,116,1011,ae591cfaf9fc73c3b5d55a5691354bc7b0751259834b9aea05cc62472210deb9,2,drawing_anchor,HIGH,VERIFIED,
SUMMER_FLAT__row_17__image142.png__a18,SUMMER FLAT,17,6,Renela,RENELA,SUMMER,CONVYER,LADIES,image142.png,extracted-images/SUMMER_FLAT/row_17/01.png,155,98,25661,405f4fb29fbc9bd2fd5aa5d6cc60a6d48dbb75c1c350c3807651d9561df47448,1,drawing_anchor,HIGH,VERIFIED,
SUMMER_FLAT__row_18__image143.jpeg__a19,SUMMER FLAT,18,6,Vision,VISION,SUMMER,CONVYER,LADIES,image143.jpeg,extracted-images/SUMMER_FLAT/row_18/01.jpeg,92,164,3661,c577f6800f5b5a383ddce087177c3d835b028ce3ed7b8da1eb7fff48d2caaa88,1,drawing_anchor,HIGH,VERIFIED,
SUMMER_FLAT__row_19__image144.jpeg__a20,SUMMER FLAT,19,6,AS-45,AS-45,SUMMER,CONVYER,LADIES,image144.jpeg,extracted-images/SUMMER_FLAT/row_19/01.jpeg,93,164,3362,d1c2a83ff56233ab64e939813489d247ce8c9875290c9db38a94b935d4d00a4e,1,drawing_anchor,HIGH,VERIFIED,
SUMMER_FLAT__row_20__image145.png__a21,SUMMER FLAT,20,6,FLYER,FLYER,SUMMER,CONVYER,LADIES,image145.png,extracted-images/SUMMER_FLAT/row_20/01.png,164,87,26292,c214e1b17dbeae301a61cfea1594afe8e0d03031b3efaefdbc5953cee99f4e9b,1,drawing_anchor,HIGH,VERIFIED,
SUMMER_FLAT__row_21__image146.jpeg__a22,SUMMER FLAT,21,6,Hitler,HITLER,SUMMER,CONVYER,LADIES,image146.jpeg,extracted-images/SUMMER_FLAT/row_21/01.jpeg,94,125,2139,379184a10f72b5605984d69caa9b5925518bd0a94fc364440188545bbf33e1b4,1,drawing_anchor,HIGH,VERIFIED,
SUMMER_FLAT__row_22__image147.jpeg__a23,SUMMER FLAT,22,6,Swift,SWIFT,SUMMER,CONVYER,LADIES,image147.jpeg,extracted-images/SUMMER_FLAT/row_22/01.jpeg,153,94,4038,051e298a98143d1e901778ab1432895d0724bd8cb2ac711e3554e2e5f058c4dc,1,drawing_anchor,HIGH,VERIFIED,
SUMMER_FLAT__row_23__image148.jpeg__a24,SUMMER FLAT,23,6,Scar,SCAR,SUMMER,CONVYER,LADIES,image148.jpeg,extracted-images/SUMMER_FLAT/row_23/01.jpeg,167,103,4522,b3d47930076522b4d478ebf6fc9dc89fb05532b1d85e0eef6e815d862b17d583,1,drawing_anchor,HIGH,VERIFIED,
SUMMER_FLAT__row_24__image149.jpeg__a25,SUMMER FLAT,24,6,Eric,ERIC,SUMMER,CONVYER,LADIES,image149.jpeg,extracted-images/SUMMER_FLAT/row_24/01.jpeg,161,102,4789,b0a6b819c62ca6e6ff14f10e45bb5be5e17483d9e3e90b7b68569373e8f93c36,1,drawing_anchor,HIGH,VERIFIED,
SUMMER_FLAT__row_25__image150.jpeg__a26,SUMMER FLAT,25,6,Maya,MAYA,SUMMER,CONVYER,LADIES,image150.jpeg,extracted-images/SUMMER_FLAT/row_25/01.jpeg,101,158,3301,99d7871e9985099616daee810d446eda76903d34cfddd0e60caa557dde559551,1,drawing_anchor,HIGH,VERIFIED,
SUMMER_FLAT__row_27__image151.jpeg__a27,SUMMER FLAT,27,6,Elsa,ELSA,SUMMER,CONVYER,LADIES,image151.jpeg,extracted-images/SUMMER_FLAT/row_27/01.jpeg,104,156,3936,416505abc94bcb439051ba366ecd9492990165c14131d52490f3d946ca8da920,1,drawing_anchor,HIGH,VERIFIED,
SUMMER_FLAT__row_30__image152.jpeg__a28,SUMMER FLAT,30,6,Godwin,GODWIN,SUMMER,CONVYER,LADIES,image152.jpeg,extracted-images/SUMMER_FLAT/row_30/01.jpeg,150,94,3681,9f6f0104ed9c1ce98144db8d1500357036f7c7c0ceadf7af51d1a1e1b43617ee,1,drawing_anchor,HIGH,VERIFIED,
SUMMER_FLAT__row_29__image153.jpeg__a29,SUMMER FLAT,29,6,Homer,HOMER,SUMMER,CONVYER,LADIES,image153.jpeg,extracted-images/SUMMER_FLAT/row_29/01.jpeg,82,140,2758,098dce9d368038424dca22cfefdc4fdb135cc328440a716f2d7754f4e01092a2,1,drawing_anchor,HIGH,VERIFIED,
SUMMER_FLAT__row_31__image154.jpeg__a30,SUMMER FLAT,31,6,Eclipse,ECLIPSE,SUMMER,CONVYER,LADIES,image154.jpeg,extracted-images/SUMMER_FLAT/row_31/01.jpeg,94,160,2870,cc1830e3ae9cbee3ebb93e21ea182f738abc344ddcb9705df0d2d788a6230cf5,1,drawing_anchor,HIGH,VERIFIED,
SUMMER_FLAT__row_32__image155.png__a31,SUMMER FLAT,32,6,New Berlin,NEW BERLIN,SUMMER,CONVYER,LADIES,image155.png,extracted-images/SUMMER_FLAT/row_32/01.png,158,87,13470,90b1294f054be937ca3a5b4cbe6364a59f00c919ce8d65a2e72271397a8a1a3b,1,drawing_anchor,HIGH,VERIFIED,
SUMMER_FLAT__row_34__image156.png__a32,SUMMER FLAT,34,6,Insignia-T,INSIGNIA-T,SUMMER,CONVYER,LADIES,image156.png,extracted-images/SUMMER_FLAT/row_34/01.png,167,88,25899,e856a761b152c17eb40543f27bf88c620f24751b7452a41d5a879a1ad7a9b023,1,drawing_anchor,HIGH,VERIFIED,
SUMMER_FLAT__row_33__image157.png__a33,SUMMER FLAT,33,6,New Candy,NEW CANDY,SUMMER,CONVYER,LADIES,image157.png,extracted-images/SUMMER_FLAT/row_33/01.png,166,87,25432,0b776b7dd42d8a1bf09067ac34f5c4ca24a5f8c085b7fd693cb25b0413c3755f,1,drawing_anchor,HIGH,VERIFIED,
SUMMER_FLAT__row_35__image158.png__a34,SUMMER FLAT,35,6,Insignia-R,INSIGNIA-R,SUMMER,CONVYER,LADIES,image158.png,extracted-images/SUMMER_FLAT/row_35/01.png,169,88,28104,f8de498838f9e0f18dd33f7571e15a172b9e221b00cebcee8f6d120dc7b4acc2,1,drawing_anchor,HIGH,VERIFIED,
SUMMER_FLAT__row_36__image159.png__a35,SUMMER FLAT,36,6,Flammer,FLAMMER,SUMMER,CONVYER,LADIES,image159.png,extracted-images/SUMMER_FLAT/row_36/01.png,160,94,10415,5771fd65caece2e86d1208e82c7a04e2238d440c6f6fa0ebc9c7f258008261cc,1,drawing_anchor,HIGH,VERIFIED,
SUMMER_FLAT__row_41__image160.png__a36,SUMMER FLAT,41,6,K-VPI,K-VPI,SUMMER,CONVYER,LADIES,image160.png,extracted-images/SUMMER_FLAT/row_41/01.png,134,103,12964,181180b5749cd6489e225e712ee43ef8e9fafde5030aca1813c12bc33a2b3b5a,1,drawing_anchor,HIGH,VERIFIED,
SUMMER_FLAT__row_42__image13.jpeg__a37,SUMMER FLAT,42,6,,,,,,image13.jpeg,extracted-images/_unmatched/SUMMER_FLAT/row_42/01.jpeg,89,122,2205,9980a763e722b60b9c452dc79da043768b791da0c483e7c0097aa7d4766c9449,1,unmatched,LOW,UNMATCHED,degenerate anchor extent (0 width/height); No article row at anchored excel_row
SUMMER_FLAT__row_40__image161.png__a39,SUMMER FLAT,40,6,AS-11,AS-11,SUMMER,CONVYER,LADIES,image161.png,extracted-images/SUMMER_FLAT/row_40/01.png,71,163,27599,6e9c791884cc33f6ebae6daa9a6e4a2482d1cb092750258937ff65b3886c9b34,1,drawing_anchor,HIGH,VERIFIED,
SUMMER_PU__row_3__image162.jpeg__a0,SUMMER PU,3,6,STERLING,STERLING,SUMMER,CONVYER,LADIES,image162.jpeg,extracted-images/SUMMER_PU/row_3/01.jpeg,97,66,1638,9167468ad8647f256d610c71a933106e6790dcb9eaf62301cb3fbcf12b76878a,1,drawing_anchor,HIGH,VERIFIED,
SUMMER_PU__row_3__image163.jpeg__a1,SUMMER PU,3,6,STERLING,STERLING,SUMMER,CONVYER,LADIES,image163.jpeg,extracted-images/SUMMER_PU/row_3/02.jpeg,59,87,1561,f720e406e07431eb9aec862b8a9c8e5f381873b33a2791a771a819c50d3555b5,2,drawing_anchor,HIGH,VERIFIED,
SUMMER_PU__row_4__image164.jpeg__a2,SUMMER PU,4,6,BELFAST,BELFAST,SUMMER,CONVYER,LADIES,image164.jpeg,extracted-images/SUMMER_PU/row_4/01.jpeg,105,169,3641,27cf5f0e2079a841096c11a9ab1113a846b2ebe0ac604856b2dcb07f2effa858,1,drawing_anchor,HIGH,VERIFIED,
SUMMER_PU__row_5__image165.png__a3,SUMMER PU,5,6,YONKERS,YONKERS,SUMMER,CONVYER,LADIES,image165.png,extracted-images/SUMMER_PU/row_5/02.png,157,95,20994,c384639adbbf283fe4f4d4f22996013b3d87c5ad6370bcfedc54c58d8355a783,2,drawing_anchor,HIGH,VERIFIED,
SUMMER_PU__row_7__image166.png__a4,SUMMER PU,7,6,"DHAKA
HN25071",DHAKA HN25071,SUMMER,CONVYER,LADIES,image166.png,extracted-images/SUMMER_PU/row_7/01.png,161,82,19046,36b7290fa14b0aac35c70b848f66b9a466ce4b0cc4e29c5d9216310defc9f7c2,1,drawing_anchor,HIGH,VERIFIED,
SUMMER_PU__row_8__image167.png__a5,SUMMER PU,8,6,"FIJI
HN25181",FIJI HN25181,SUMMER,CONVYER,LADIES,image167.png,extracted-images/SUMMER_PU/row_8/01.png,165,93,23022,e6cc668a77e4ad0157f5dcd7b4c8b82d1022109e65234723169980dc63ad1721,1,drawing_anchor,HIGH,VERIFIED,
SUMMER_PU__row_9__image168.png__a6,SUMMER PU,9,6,"COMFORTY
HN23963",COMFORTY HN23963,SUMMER,CONVYER,LADIES,image168.png,extracted-images/SUMMER_PU/row_9/01.png,162,93,15473,474ebb4e6fa49fdc9020e8d048a2ec1296cee7f99ac0b6d2843b347eb77eeba2,1,drawing_anchor,HIGH,VERIFIED,
SUMMER_PU__row_10__image169.png__a7,SUMMER PU,10,6,"CHICAGO
25606",CHICAGO 25606,SUMMER,CONVYER,LADIES,image169.png,extracted-images/SUMMER_PU/row_10/01.png,151,102,18101,5a50c03559c14147e06f40dda0b2446c3119010e361e8668241be7f3000aa289,1,drawing_anchor,HIGH,VERIFIED,
SUMMER_PU__row_11__image170.png__a8,SUMMER PU,11,6,JAKARTA,JAKARTA,SUMMER,CONVYER,LADIES,image170.png,extracted-images/SUMMER_PU/row_11/01.png,164,107,24749,82530c3d089e5d74c4a6f7fe26d9b8af7a41933f56693c1f411014c9c2071af8,1,drawing_anchor,HIGH,VERIFIED,
SUMMER_PU__row_12__image171.png__a9,SUMMER PU,12,6,"CAIRO
HN25150",CAIRO HN25150,SUMMER,CONVYER,LADIES,image171.png,extracted-images/SUMMER_PU/row_12/01.png,160,101,24146,735451c8f93b653c08ec690d49babe69194d1c795b542b18aa332bc1319a1f4a,1,drawing_anchor,HIGH,VERIFIED,
SUMMER_PU__row_13__image172.png__a10,SUMMER PU,13,6,JASPER,JASPER,SUMMER,CONVYER,LADIES,image172.png,extracted-images/SUMMER_PU/row_13/01.png,160,92,17480,a252be9c09ea06563c1030faba7b962c614083dfc3a434fd0d9257980b3492e0,1,drawing_anchor,HIGH,VERIFIED,
SUMMER_PU__row_14__image173.png__a11,SUMMER PU,14,6,"ROSE
HN23508",ROSE HN23508,SUMMER,CONVYER,LADIES,image173.png,extracted-images/SUMMER_PU/row_14/01.png,155,94,19609,25241394303047c79255b6db9cada3844aa64bfb28dc345fc1ab3418e2f563fb,1,drawing_anchor,HIGH,VERIFIED,
SUMMER_PU__row_15__image174.png__a12,SUMMER PU,15,6,"KINIYA
7218",KINIYA 7218,SUMMER,CONVYER,LADIES,image174.png,extracted-images/SUMMER_PU/row_15/01.png,149,92,20254,f75919a1527b9820a8adfb6d420c29e1d3c97c9f9588934c4fd51a1f25506346,1,drawing_anchor,HIGH,VERIFIED,
SUMMER_PU__row_16__image175.png__a13,SUMMER PU,16,6,BUSAN 25600 8498/8670,BUSAN 25600 8498/8670,SUMMER,CONVYER,LADIES,image175.png,extracted-images/SUMMER_PU/row_16/01.png,159,91,19760,40cf494fd270ecbd66f72f8af82be6a2d72354e6e61b1d9fa9d5a4549a1c39a4,1,drawing_anchor,HIGH,VERIFIED,
SUMMER_PU__row_17__image176.png__a14,SUMMER PU,17,6,"DURBAN
HN25377",DURBAN HN25377,SUMMER,CONVYER,LADIES,image176.png,extracted-images/SUMMER_PU/row_17/01.png,156,100,27005,47ffd1ff7968a26cc1a0ea72710a94b69ab6c4fa697d97225f586e0c0c1d4eb6,1,drawing_anchor,HIGH,VERIFIED,
SUMMER_PU__row_18__image177.png__a15,SUMMER PU,18,6,"WARI
21038",WARI 21038,SUMMER,CONVYER,LADIES,image177.png,extracted-images/SUMMER_PU/row_18/01.png,161,85,20705,8e7ca12e64b3fcec008b77f61420e16355846c9c2cee5af3da5916d65ab1116a,1,drawing_anchor,HIGH,VERIFIED,
SUMMER_PU__row_19__image178.png__a16,SUMMER PU,19,6,"FLORA
23363",FLORA 23363,SUMMER,CONVYER,LADIES,image178.png,extracted-images/SUMMER_PU/row_19/01.png,158,102,23410,8511025b28eae7b9ba74983a8a92d597a3de4a60bc078d207abcff2fe98e604e,1,drawing_anchor,HIGH,VERIFIED,
SUMMER_PU__row_20__image179.png__a17,SUMMER PU,20,6,"CLIFTON
GP83",CLIFTON GP83,SUMMER,CONVYER,LADIES,image179.png,extracted-images/SUMMER_PU/row_20/01.png,159,86,13743,c5d481366e1de33b350f9515ea3c51c9723ddd16cbddf0a9bb739a4f8998bb52,1,drawing_anchor,HIGH,VERIFIED,
SUMMER_PU__row_21__image180.png__a18,SUMMER PU,21,6,KIPP,KIPP,SUMMER,CONVYER,LADIES,image180.png,extracted-images/SUMMER_PU/row_21/01.png,171,105,28010,09168d2f9dd801b31c3a9d3a8250a4d6abdb681ed2c761a29f6ef2d569d120a8,1,drawing_anchor,HIGH,VERIFIED,
SUMMER_PU__row_22__image181.jpeg__a19,SUMMER PU,22,6,PAEROA,PAEROA,SUMMER,CONVYER,LADIES,image181.jpeg,extracted-images/SUMMER_PU/row_22/01.jpeg,172,103,3378,a9ff452a1a4fe97fe164e841d19adba51660becc5d6646ab0049f64c4118e0e1,1,drawing_anchor,HIGH,VERIFIED,
SUMMER_PU__row_23__image182.jpeg__a20,SUMMER PU,23,6,Brooks,BROOKS,SUMMER,CONVYER,LADIES,image182.jpeg,extracted-images/SUMMER_PU/row_23/01.jpeg,172,106,2839,6ffee59245f33a5c112ae8087610d12250c4e433cc96d539317c628531d9cab8,1,drawing_anchor,HIGH,VERIFIED,
SUMMER_PU__row_24__image183.jpeg__a21,SUMMER PU,24,6,PISA,PISA,SUMMER,CONVYER,LADIES,image183.jpeg,extracted-images/SUMMER_PU/row_24/01.jpeg,170,105,4534,ea520a3a18172aac71a3f9842306fec4a5c273b997fd9f4c1cad4fc559b8aae1,1,drawing_anchor,HIGH,VERIFIED,
SUMMER_PU__row_25__image184.jpeg__a22,SUMMER PU,25,6,APRICOT,APRICOT,SUMMER,CONVYER,LADIES,image184.jpeg,extracted-images/SUMMER_PU/row_25/02.jpeg,171,105,4560,b05246fd7a0b169f0383c9fa36f2bbda32759e84a8813066d541c59e58b39721,2,drawing_anchor,HIGH,VERIFIED,image184.jpeg shared between APRICOT and OSCAR — confirmed identical binary reuse
SUMMER_PU__row_25__image184.jpeg__a23,SUMMER PU,25,6,APRICOT,APRICOT,SUMMER,CONVYER,LADIES,image184.jpeg,extracted-images/SUMMER_PU/row_25/01.jpeg,171,105,4560,b05246fd7a0b169f0383c9fa36f2bbda32759e84a8813066d541c59e58b39721,1,drawing_anchor,HIGH,VERIFIED,image184.jpeg shared between APRICOT and OSCAR — confirmed identical binary reuse
SUMMER_PU__row_26__image185.jpeg__a24,SUMMER PU,26,6,BRIN,BRIN,SUMMER,CONVYER,LADIES,image185.jpeg,extracted-images/SUMMER_PU/row_26/01.jpeg,172,105,4066,b6738a0644046f745837b5e2e99e0888ba9d62c644a3fbbbad99b8a4a256383f,1,drawing_anchor,HIGH,VERIFIED,
SUMMER_PU__row_27__image186.png__a25,SUMMER PU,27,6,TORINO,TORINO,SUMMER,CONVYER,LADIES,image186.png,extracted-images/SUMMER_PU/row_27/02.png,4160,3119,12908967,4c0613fc8a1a50e25f2647723cd0c68d35ddf693327fe286e80df9f95d678792,2,drawing_anchor,HIGH,VERIFIED,
SUMMER_PU__row_27__image187.jpeg__a26,SUMMER PU,27,6,TORINO,TORINO,SUMMER,CONVYER,LADIES,image187.jpeg,extracted-images/SUMMER_PU/row_27/01.jpeg,170,105,4893,1bbef1423956c7ad29f268f9205e1b79d61dba807bc304dbc6a7a7b377c7f797,1,drawing_anchor,HIGH,VERIFIED,
SUMMER_PU__row_28__image188.jpeg__a27,SUMMER PU,28,6,KERONA,KERONA,SUMMER,CONVYER,LADIES,image188.jpeg,extracted-images/SUMMER_PU/row_28/01.jpeg,170,105,4331,357517003b48843eee6ceb1b11b6dd8235fa6188cd4ea73658865add95515df0,1,drawing_anchor,HIGH,VERIFIED,
SUMMER_PU__row_29__image189.jpeg__a28,SUMMER PU,29,6,COMO,COMO,SUMMER,CONVYER,LADIES,image189.jpeg,extracted-images/SUMMER_PU/row_29/01.jpeg,170,105,4722,05bcd3ab772137d961fc4f5fdb4b25a71ab725abfdc1f42ff7e974c9fd252754,1,drawing_anchor,HIGH,VERIFIED,
SUMMER_PU__row_30__image190.jpeg__a29,SUMMER PU,30,6,SOLARIS,SOLARIS,SUMMER,CONVYER,LADIES,image190.jpeg,extracted-images/SUMMER_PU/row_30/01.jpeg,169,108,4833,2a352c7c83310178d748ec296bb70631fd4d9bb86163e2d1e7d57b77da2473dd,1,drawing_anchor,HIGH,VERIFIED,
SUMMER_PU__row_31__image191.jpeg__a30,SUMMER PU,31,6,TOKYO,TOKYO,SUMMER,CONVYER,LADIES,image191.jpeg,extracted-images/SUMMER_PU/row_31/01.jpeg,170,105,3614,0e2a111cd7ebc869f7c25356d2d688c7286859c6afe335f669665210bcde2e87,1,drawing_anchor,HIGH,VERIFIED,
SUMMER_PU__row_32__image192.jpeg__a31,SUMMER PU,32,6,PREZI,PREZI,SUMMER,CONVYER,LADIES,image192.jpeg,extracted-images/SUMMER_PU/row_32/01.jpeg,170,105,2914,a7833d5c880ca6ea3bc9deb21f2bed80d5378b38cf5a3b13e2bff1516e2f6566,1,drawing_anchor,HIGH,VERIFIED,
SUMMER_PU__row_33__image193.jpeg__a32,SUMMER PU,33,6,LOTUS,LOTUS,SUMMER,CONVYER,LADIES,image193.jpeg,extracted-images/SUMMER_PU/row_33/01.jpeg,170,105,2874,854836a420adb6fdb4c9a95b9cb2a72dfd32cf4e31eff08e33d1ba4531f1d11e,1,drawing_anchor,HIGH,VERIFIED,
SUMMER_PU__row_34__image194.jpeg__a33,SUMMER PU,34,6,QUARK,QUARK,SUMMER,CONVYER,KIDS,image194.jpeg,extracted-images/SUMMER_PU/row_34/01.jpeg,174,106,2894,fd397ae5f504d4e1feee984d3fe16a7fdb35aad91d2816f8672ec40ff0841075,1,drawing_anchor,HIGH,VERIFIED,
SUMMER_PU__row_35__image195.jpeg__a34,SUMMER PU,35,6,SELFORD,SELFORD,SUMMER,CONVYER,LADIES,image195.jpeg,extracted-images/SUMMER_PU/row_35/01.jpeg,173,57,1783,9b308ba1b874fd1cad67dbc5e92418e1d693c58f34a9c87bb5cb569180a45f46,1,drawing_anchor,HIGH,VERIFIED,
SUMMER_PU__row_36__image196.jpeg__a35,SUMMER PU,36,6,HN-22930,HN-22930,SUMMER,CONVYER,LADIES,image196.jpeg,extracted-images/SUMMER_PU/row_36/01.jpeg,170,105,2998,f4396084407adc3ee62c9ef9e2c9e63b465b56cc82e7a6c9e44504302bcbc6c6,1,drawing_anchor,HIGH,VERIFIED,
SUMMER_PU__row_37__image197.jpeg__a36,SUMMER PU,37,6,H002,H002,SUMMER,CONVYER,LADIES,image197.jpeg,extracted-images/SUMMER_PU/row_37/01.jpeg,170,105,3639,a4951575531feae1c40d36df5196240ee7052d7598e20ef062b035e27704a02f,1,drawing_anchor,HIGH,VERIFIED,
SUMMER_PU__row_38__image198.jpeg__a37,SUMMER PU,38,6,H004,H004,SUMMER,CONVYER,LADIES,image198.jpeg,extracted-images/SUMMER_PU/row_38/01.jpeg,170,105,3813,da2490588a13d6eccda2680decabea7738d5db031c759817c4acdf5b08565e2d,1,drawing_anchor,HIGH,VERIFIED,
SUMMER_PU__row_39__image199.jpeg__a38,SUMMER PU,39,6,WEST,WEST,SUMMER,CONVYER,LADIES,image199.jpeg,extracted-images/SUMMER_PU/row_39/01.jpeg,169,106,3747,40103288fe4014dc032a8b91ca95e0b8fa129febdca569fffba57f6b5f3d9084,1,drawing_anchor,HIGH,VERIFIED,
SUMMER_PU__row_35__image200.jpeg__a39,SUMMER PU,35,6,SELFORD,SELFORD,SUMMER,CONVYER,LADIES,image200.jpeg,extracted-images/SUMMER_PU/row_35/02.jpeg,171,49,1781,1494fb4f549a111105e376e191b12117680dc5c0c016a1d434b94da2eecf4046,2,drawing_anchor,HIGH,VERIFIED,
SUMMER_PU__row_40__image201.jpeg__a40,SUMMER PU,40,6,25620 SOLE,25620 SOLE,SUMMER,CONVYER,LADIES,image201.jpeg,extracted-images/SUMMER_PU/row_40/01.jpeg,152,98,3986,f6772c5cdcfe291c1e16588dae9431eaca7a5b8a51d4a4e50e39cb8cd4f449cb,1,drawing_anchor,HIGH,VERIFIED,
SUMMER_PU__row_41__image202.jpeg__a41,SUMMER PU,41,6,25620,25620,SUMMER,CONVYER,LADIES,image202.jpeg,extracted-images/SUMMER_PU/row_41/01.jpeg,170,105,3312,2433f2ddb32f76393880a3232ef169b65feea57e498b2a8446c6fa9cf159be14,1,drawing_anchor,HIGH,VERIFIED,
SUMMER_PU__row_42__image203.jpeg__a42,SUMMER PU,42,6,DERBY,DERBY,SUMMER,CONVYER,LADIES,image203.jpeg,extracted-images/SUMMER_PU/row_42/01.jpeg,170,105,3567,26c00df74b683441f68223c65c94da792359c3508d9efd34f0361d29f0ea38da,1,drawing_anchor,HIGH,VERIFIED,
SUMMER_PU__row_43__image204.jpeg__a43,SUMMER PU,43,6,RENO,RENO,SUMMER,CONVYER,LADIES,image204.jpeg,extracted-images/SUMMER_PU/row_43/01.jpeg,169,105,3516,b4e6957a87b694e352a3158cf06d0bbaf224a2d8ef9930a2cc2362972e4ff80d,1,drawing_anchor,HIGH,VERIFIED,
SUMMER_PU__row_44__image205.jpeg__a44,SUMMER PU,44,6,CHESTOR,CHESTOR,SUMMER,CONVYER,LADIES,image205.jpeg,extracted-images/SUMMER_PU/row_44/01.jpeg,170,105,4015,4e86cd6d677eb3beaecbef6423d61d985d4a42d6029f0e80ac804ab2acd8fda5,1,drawing_anchor,HIGH,VERIFIED,
SUMMER_PU__row_45__image206.jpeg__a45,SUMMER PU,45,6,VICTORIA,VICTORIA,SUMMER,CONVYER,LADIES,image206.jpeg,extracted-images/SUMMER_PU/row_45/01.jpeg,170,105,3954,d476b49a2cdf3d1dacc32ae5218ef2385687616fed58b94101238fe01fb78c0d,1,drawing_anchor,HIGH,VERIFIED,
SUMMER_PU__row_73__image54.png__a46,SUMMER PU,73,6,,,,,,image54.png,extracted-images/_unmatched/SUMMER_PU/row_73/02.png,821,383,312585,e47807f306558bac95c1a82fe5cadccde56c898b0126f0464a6477929428dc56,2,unmatched,LOW,UNMATCHED,degenerate anchor extent (0 width/height); No article row at anchored excel_row
SUMMER_PU__row_73__image55.png__a47,SUMMER PU,73,4,,,,,,image55.png,extracted-images/_unmatched/SUMMER_PU/row_73/01.png,386,614,234961,b5f3db030fe05a641532a968899087274c53ca7f66375af936ef2cd9454e6067,1,unmatched,LOW,UNMATCHED,No article row at anchored excel_row
SUMMER_PU__row_46__image207.png__a48,SUMMER PU,46,6,HARLEY,HARLEY,SUMMER,CONVYER,LADIES,image207.png,extracted-images/SUMMER_PU/row_46/01.png,164,96,23797,ebfd4a019ade970d654fa059cdb47027301a296bd016f2c24ecee16d076e4448,1,drawing_anchor,HIGH,VERIFIED,
SUMMER_PU__row_47__image208.png__a49,SUMMER PU,47,6,Blasé,BLASÉ,SUMMER,CONVYER,LADIES,image208.png,extracted-images/SUMMER_PU/row_47/01.png,132,102,21058,177100720c8c046fa79687596c974a5fdff0f9628141c73d880705a0a44d2f3b,1,drawing_anchor,HIGH,VERIFIED,
SUMMER_PU__row_48__image209.jpeg__a50,SUMMER PU,48,6,BLOSIM,BLOSIM,SUMMER,CONVYER,LADIES,image209.jpeg,extracted-images/SUMMER_PU/row_48/01.jpeg,169,80,2954,091efb477e0ca4d819d6981104e461531999a244b8c1409f846e23db18997e0a,1,drawing_anchor,HIGH,VERIFIED,
SUMMER_PU__row_49__image210.png__a51,SUMMER PU,49,6,BLUMA,BLUMA,SUMMER,CONVYER,LADIES,image210.png,extracted-images/SUMMER_PU/row_49/01.png,150,97,34286,ec81192c1ab586496695f0a61748e97a70689a86dd549df4cb0620c45d7f2ec9,1,drawing_anchor,HIGH,VERIFIED,
SUMMER_PU__row_50__image211.jpeg__a52,SUMMER PU,50,6,BRENNA,BRENNA,SUMMER,CONVYER,LADIES,image211.jpeg,extracted-images/SUMMER_PU/row_50/01.jpeg,127,101,2943,9d2ef7f6af43c9f9a3a8b8ed10a180c96258c6a55002c35d25be5527f78c4137,1,drawing_anchor,HIGH,VERIFIED,
SUMMER_PU__row_51__image112.jpeg__a53,SUMMER PU,51,6,Lia-Wedge,LIA-WEDGE,SUMMER,CONVYER,LADIES,image112.jpeg,extracted-images/SUMMER_PU/row_51/01.jpeg,166,59,1897,40e0f223c9c44effb55cab311c96e2ef9a08908ba1616f2334d3e7c3ad9ce4b2,1,drawing_anchor,HIGH,VERIFIED,
SUMMER_PU__row_52__image212.png__a54,SUMMER PU,52,6,ANDORA,ANDORA,SUMMER,CONVYER,LADIES,image212.png,extracted-images/SUMMER_PU/row_52/01.png,130,99,18833,4fe8aa42c43e4b5cc25e583a97296a63f72505aac77ac05eaaeffd3c6974c805,1,drawing_anchor,HIGH,VERIFIED,
SUMMER_PU__row_53__image213.jpeg__a55,SUMMER PU,53,6,Ocean,OCEAN,SUMMER,CONVYER,LADIES,image213.jpeg,extracted-images/SUMMER_PU/row_53/01.jpeg,104,155,4126,51e0ced0a35b5c88542a810e7e2a201a766429f7d8fae1ee84eaeb1b63a3623b,1,drawing_anchor,HIGH,VERIFIED,
SUMMER_PU__row_54__image214.jpeg__a56,SUMMER PU,54,6,Venus,VENUS,SUMMER,CONVYER,LADIES,image214.jpeg,extracted-images/SUMMER_PU/row_54/01.jpeg,150,98,4115,e59806d26b3de26c0cbb60301bedc6cc5d0299f9bc99b2b796289535720aae20,1,drawing_anchor,HIGH,VERIFIED,
SUMMER_PU__row_55__image215.jpeg__a57,SUMMER PU,55,6,Amber,AMBER,SUMMER,CONVYER,LADIES,image215.jpeg,extracted-images/SUMMER_PU/row_55/01.jpeg,104,153,3287,10f779be36b05dba61e2688d4ed9b8a2a10892ca756e7953a9f5784103a11abd,1,drawing_anchor,HIGH,VERIFIED,
SUMMER_PU__row_56__image216.jpeg__a58,SUMMER PU,56,6,Jade,JADE,SUMMER,CONVYER,LADIES,image216.jpeg,extracted-images/SUMMER_PU/row_56/01.jpeg,97,129,3219,2b1ef055f1609690768bb947649462762062f31f90545fededce93a99745a00b,1,drawing_anchor,HIGH,VERIFIED,
SUMMER_PU__row_57__image217.jpeg__a59,SUMMER PU,57,6,Flare,FLARE,SUMMER,CONVYER,LADIES,image217.jpeg,extracted-images/SUMMER_PU/row_57/01.jpeg,102,150,3271,d5b95fa4d56ed9031ab9a94db796b4c344883385122f399ee47a0a31a63f398a,1,drawing_anchor,HIGH,VERIFIED,
SUMMER_PU__row_58__image218.jpeg__a60,SUMMER PU,58,6,Nexon,NEXON,SUMMER,CONVYER,LADIES,image218.jpeg,extracted-images/SUMMER_PU/row_58/01.jpeg,168,97,3880,bdff596ca859594c0d34d30f116351189e3602893ea521e4d8bd6b984b9c6fd7,1,drawing_anchor,HIGH,VERIFIED,
SUMMER_PU__row_60__image219.jpeg__a61,SUMMER PU,60,6,Bubble,BUBBLE,SUMMER,CONVYER,LADIES,image219.jpeg,extracted-images/SUMMER_PU/row_60/01.jpeg,169,95,4077,4067895f6eadfd34aab9a9ee8d853c019aa132448b94c33a5fc284d45aee2f9a,1,drawing_anchor,HIGH,VERIFIED,
SUMMER_PU__row_61__image220.jpeg__a62,SUMMER PU,61,6,Merida,MERIDA,SUMMER,CONVYER,LADIES,image220.jpeg,extracted-images/SUMMER_PU/row_61/01.jpeg,169,95,4274,5ccbbc2cc26ed46f26197d01bbe74dfacf60d49f7c83d420db1ff2581bcdf703,1,drawing_anchor,HIGH,VERIFIED,
SUMMER_PU__row_5__image221.png__a64,SUMMER PU,5,6,YONKERS,YONKERS,SUMMER,CONVYER,LADIES,image221.png,extracted-images/SUMMER_PU/row_5/01.png,170,105,24521,ddba8a190745b1c73e118ff2eaa0bddebfd46165f9dc527f0e823cf22294c27a,1,drawing_anchor,HIGH,VERIFIED,
SUMMER_PU__row_6__image222.jpeg__a65,SUMMER PU,6,6,"FOSHAN
25601",FOSHAN 25601,SUMMER,CONVYER,LADIES,image222.jpeg,extracted-images/SUMMER_PU/row_6/01.jpeg,136,98,2994,9472f43489d95b4f7e33b305d057757971de9f6b30b282e81b923e1aa7d9e588,1,drawing_anchor,HIGH,VERIFIED,
SUMMER_PU__row_62__image223.jpeg__a66,SUMMER PU,62,6,Helder,HELDER,SUMMER,CONVYER,LADIES,image223.jpeg,extracted-images/SUMMER_PU/row_62/01.jpeg,167,94,4043,1129cddddfe540f7fee25d98dd03818540b6dc52c06933b27e1c0efa33e31494,1,drawing_anchor,HIGH,VERIFIED,
SUMMER_DIP_PU__row_3__image226.png__a0,SUMMER DIP PU,3,5,BALLY,BALLY,SUMMER,DIP,LADIES,image226.png,extracted-images/SUMMER_DIP_PU/row_3/01.png,4032,3024,11123117,3382b042d49e41854a18cb7e1d0098fa1cc1f6d348437ba9256fca325a092d45,1,drawing_anchor,HIGH,VERIFIED,
SUMMER_DIP_PU__row_8__image227.png__a1,SUMMER DIP PU,8,6,CREST,CREST,SUMMER,DIP,LADIES,image227.png,extracted-images/SUMMER_DIP_PU/row_8/01.png,164,94,25478,bbd4b88b607bab77e0e165824ac15b91896b4097d1112169235479ee25ae2521,1,drawing_anchor,HIGH,VERIFIED,
SUMMER_DIP_PU__row_3__image228.png__a2,SUMMER DIP PU,3,6,BALLY,BALLY,SUMMER,DIP,LADIES,image228.png,extracted-images/SUMMER_DIP_PU/row_3/02.png,171,100,29262,a29880ac6139549ae1f2329067a85530eddf36f9c424c3b9cbe00f934c5de6d0,2,drawing_anchor,HIGH,VERIFIED,
SUMMER_DIP_PU__row_4__image229.png__a3,SUMMER DIP PU,4,6,BUFFY,BUFFY,SUMMER,DIP,LADIES,image229.png,extracted-images/SUMMER_DIP_PU/row_4/01.png,167,105,33597,b94043b1006febc9ca2e9b9691ba1effb99b153d334c123c6062599720e14e1e,1,drawing_anchor,HIGH,VERIFIED,
SUMMER_DIP_PU__row_6__image230.png__a4,SUMMER DIP PU,6,6,BELTA,BELTA,SUMMER,DIP,LADIES,image230.png,extracted-images/SUMMER_DIP_PU/row_6/01.png,166,71,20682,5759099104cb9a680724f975367a7a5d24c6484cb553cf1bb5489380958253c3,1,drawing_anchor,HIGH,VERIFIED,
SUMMER_DIP_PU__row_6__image231.png__a5,SUMMER DIP PU,6,6,BELTA,BELTA,SUMMER,DIP,LADIES,image231.png,extracted-images/SUMMER_DIP_PU/row_6/02.png,166,60,23196,2492d6afee4e3a8bf71eadfcbd2ad59d0550c12cc8fb0c85f513511c801a63b3,2,drawing_anchor,HIGH,VERIFIED,
SUMMER_DIP_PU__row_7__image232.jpeg__a6,SUMMER DIP PU,7,6,BENIN,BENIN,SUMMER,DIP,"LADIES / 
KIDS",image232.jpeg,extracted-images/SUMMER_DIP_PU/row_7/01.jpeg,168,103,4797,54d86c22a42eaa3026f7e2e434ad05a5ad7033dc71e802a39f69693d5b84cdaa,1,drawing_anchor,HIGH,VERIFIED,
SUMMER_DIP_PU__row_10__image233.png__a7,SUMMER DIP PU,10,6,MILTON,MILTON,SUMMER,DIP,LADIES,image233.png,extracted-images/SUMMER_DIP_PU/row_10/01.png,160,89,21665,9a1df1b96f51eaf87fe1cba3d1e1ca987d93d640e078a73c073df5e2d78a7ef3,1,drawing_anchor,HIGH,VERIFIED,
SUMMER_DIP_PU__row_11__image234.png__a8,SUMMER DIP PU,11,6,RATORUA,RATORUA,SUMMER,DIP,LADIES,image234.png,extracted-images/SUMMER_DIP_PU/row_11/01.png,155,96,28979,a23a2d08ed4d14312bfb5ad783d2a517f8c31b9ca3b44a0232a0c9c23010bfbc,1,drawing_anchor,HIGH,VERIFIED,
SUMMER_DIP_PU__row_14__image235.png__a9,SUMMER DIP PU,14,6,"JACK
",JACK,SUMMER,DIP,KIDS,image235.png,extracted-images/SUMMER_DIP_PU/row_14/01.png,154,89,24794,41d9fa2b76c726846b50aae75d1d3bdafd457894334bcace20201b93e1b59942,1,drawing_anchor,HIGH,VERIFIED,
SUMMER_DIP_PU__row_15__image236.png__a10,SUMMER DIP PU,15,6,"GIA
",GIA,SUMMER,DIP,KIDS,image236.png,extracted-images/SUMMER_DIP_PU/row_15/01.png,155,95,26380,3aba99616cb047ff3f20c1c81f353707585dc2851bc0f722ad3c21976f9b0e92,1,drawing_anchor,HIGH,VERIFIED,
SUMMER_DIP_PU__row_16__image237.jpeg__a11,SUMMER DIP PU,16,6,CHERRY,CHERRY,SUMMER,DIP,LADIES,image237.jpeg,extracted-images/SUMMER_DIP_PU/row_16/01.jpeg,171,105,2753,5a132b20728ec06de1a4230673a7484c0e516ba8e94937a9360fafeb243e6eb4,1,drawing_anchor,HIGH,VERIFIED,
SUMMER_DIP_PU__row_17__image238.jpeg__a12,SUMMER DIP PU,17,6,SUSAN,SUSAN,SUMMER,DIP,LADIES,image238.jpeg,extracted-images/SUMMER_DIP_PU/row_17/01.jpeg,171,105,2486,e135b04ea5d0afc5ab0fcd9b19397d08e098391d8e9976e5332a246ff65b537e,1,drawing_anchor,HIGH,VERIFIED,
SUMMER_DIP_PU__row_12__image239.jpeg__a13,SUMMER DIP PU,12,6,TIMARU,TIMARU,SUMMER,DIP,LADIES,image239.jpeg,extracted-images/SUMMER_DIP_PU/row_12/01.jpeg,168,100,2920,583e5476cc3b208b4fea9d38f5c2bfbcf107b8ad39401069dd6d503c09eca745,1,drawing_anchor,HIGH,VERIFIED,
SUMMER_DIP_PU__row_9__image240.png__a14,SUMMER DIP PU,9,6,"ORBIT
2025",ORBIT 2025,SUMMER,DIP,LADIES,image240.png,extracted-images/SUMMER_DIP_PU/row_9/01.png,69,166,7579,263011f9ce80c1e3c25e9c58011c6d56045026a1b354d3172eba96e8e2b0bd57,1,drawing_anchor,HIGH,VERIFIED,
SUMMER_DIP_PU__row_5__image241.jpeg__a15,SUMMER DIP PU,5,6,BIANCA,BIANCA,SUMMER,DIP,LADIES,image241.jpeg,extracted-images/SUMMER_DIP_PU/row_5/04.jpeg,171,104,4030,8340595c14f348047ffb84878b8e6035bb34994c9014b40dae35863ee377e55b,4,drawing_anchor,HIGH,NEEDS_REVIEW,BIANCA row has multiple anchored images — verify all belong to BIANCA vs neighbors
SUMMER_DIP_PU__row_5__image242.jpeg__a16,SUMMER DIP PU,5,6,BIANCA,BIANCA,SUMMER,DIP,LADIES,image242.jpeg,extracted-images/SUMMER_DIP_PU/row_5/08.jpeg,169,106,3609,6be1e36d4153ddfa94e5e05aab0419f80b6c46c9fe03dba5900ee3d0e2367ca9,8,drawing_anchor,HIGH,NEEDS_REVIEW,BIANCA row has multiple anchored images — verify all belong to BIANCA vs neighbors
SUMMER_DIP_PU__row_5__image187.jpeg__a17,SUMMER DIP PU,5,6,BIANCA,BIANCA,SUMMER,DIP,LADIES,image187.jpeg,extracted-images/SUMMER_DIP_PU/row_5/05.jpeg,170,105,4893,1bbef1423956c7ad29f268f9205e1b79d61dba807bc304dbc6a7a7b377c7f797,5,drawing_anchor,HIGH,NEEDS_REVIEW,BIANCA row has multiple anchored images — verify all belong to BIANCA vs neighbors
SUMMER_DIP_PU__row_5__image188.jpeg__a18,SUMMER DIP PU,5,6,BIANCA,BIANCA,SUMMER,DIP,LADIES,image188.jpeg,extracted-images/SUMMER_DIP_PU/row_5/01.jpeg,170,105,4331,357517003b48843eee6ceb1b11b6dd8235fa6188cd4ea73658865add95515df0,1,drawing_anchor,HIGH,NEEDS_REVIEW,BIANCA row has multiple anchored images — verify all belong to BIANCA vs neighbors
SUMMER_DIP_PU__row_5__image189.jpeg__a19,SUMMER DIP PU,5,6,BIANCA,BIANCA,SUMMER,DIP,LADIES,image189.jpeg,extracted-images/SUMMER_DIP_PU/row_5/02.jpeg,170,105,4722,05bcd3ab772137d961fc4f5fdb4b25a71ab725abfdc1f42ff7e974c9fd252754,2,drawing_anchor,HIGH,NEEDS_REVIEW,BIANCA row has multiple anchored images — verify all belong to BIANCA vs neighbors
SUMMER_DIP_PU__row_5__image243.jpeg__a20,SUMMER DIP PU,5,6,BIANCA,BIANCA,SUMMER,DIP,LADIES,image243.jpeg,extracted-images/SUMMER_DIP_PU/row_5/03.jpeg,169,107,4848,0f5c26c878d1519a72726500c237c00eb88b2ef30d375a2734705614894b159a,3,drawing_anchor,HIGH,NEEDS_REVIEW,BIANCA row has multiple anchored images — verify all belong to BIANCA vs neighbors
SUMMER_DIP_PU__row_5__image191.jpeg__a21,SUMMER DIP PU,5,6,BIANCA,BIANCA,SUMMER,DIP,LADIES,image191.jpeg,extracted-images/SUMMER_DIP_PU/row_5/06.jpeg,170,105,3614,0e2a111cd7ebc869f7c25356d2d688c7286859c6afe335f669665210bcde2e87,6,drawing_anchor,HIGH,NEEDS_REVIEW,BIANCA row has multiple anchored images — verify all belong to BIANCA vs neighbors
SUMMER_DIP_PU__row_5__image244.jpeg__a22,SUMMER DIP PU,5,6,BIANCA,BIANCA,SUMMER,DIP,LADIES,image244.jpeg,extracted-images/SUMMER_DIP_PU/row_5/07.jpeg,170,105,3481,06cd0ed86a88319c4f119fc4955544d1a669af95eeaaf0cf476ea18865d45b32,7,drawing_anchor,HIGH,NEEDS_REVIEW,BIANCA row has multiple anchored images — verify all belong to BIANCA vs neighbors
SUMMER_DIP_PU__row_13__image245.jpeg__a23,SUMMER DIP PU,13,6,GISBORING,GISBORING,SUMMER,DIP,LADIES,image245.jpeg,extracted-images/SUMMER_DIP_PU/row_13/01.jpeg,100,171,4110,268d578e5dbcac399a9af07ec02ce94b3665899d892361f92a204c17c1515600,1,drawing_anchor,HIGH,VERIFIED,
SUMMER_DIP_PU__row_19__image184.jpeg__a24,SUMMER DIP PU,19,6,OSCAR,OSCAR,SUMMER,DIP,LADIES,image184.jpeg,extracted-images/SUMMER_DIP_PU/row_19/01.jpeg,171,105,4560,b05246fd7a0b169f0383c9fa36f2bbda32759e84a8813066d541c59e58b39721,1,drawing_anchor,HIGH,VERIFIED,image184.jpeg shared between APRICOT and OSCAR — confirmed identical binary reuse
SUMMER_DIP_PU__row_20__image246.png__a25,SUMMER DIP PU,20,6,BUFFY,BUFFY,SUMMER,DIP,KIDS,image246.png,extracted-images/SUMMER_DIP_PU/row_20/01.png,4160,3119,13840316,fc972721ac16792fdef3cdfc637a2c572f197556f0103581562a6b689ca13f0e,1,drawing_anchor,HIGH,VERIFIED,
SUMMER_DIP_PU__row_20__image247.jpeg__a26,SUMMER DIP PU,20,6,BUFFY,BUFFY,SUMMER,DIP,KIDS,image247.jpeg,extracted-images/SUMMER_DIP_PU/row_20/02.jpeg,169,107,3622,ea287d6eaecbd18f2acc96dbf3468cbfe25ab868853d75a713e0168afec28faf,2,drawing_anchor,HIGH,VERIFIED,
SUMMER_DIP_PU__row_30__image54.png__a27,SUMMER DIP PU,30,6,,,,,,image54.png,extracted-images/_unmatched/SUMMER_DIP_PU/row_30/02.png,821,383,312585,e47807f306558bac95c1a82fe5cadccde56c898b0126f0464a6477929428dc56,2,unmatched,LOW,UNMATCHED,degenerate anchor extent (0 width/height); No article row at anchored excel_row
SUMMER_DIP_PU__row_30__image55.png__a28,SUMMER DIP PU,30,4,,,,,,image55.png,extracted-images/_unmatched/SUMMER_DIP_PU/row_30/01.png,386,614,234961,b5f3db030fe05a641532a968899087274c53ca7f66375af936ef2cd9454e6067,1,unmatched,LOW,UNMATCHED,No article row at anchored excel_row
SUMMER_DIP_PU__row_18__image248.jpeg__a30,SUMMER DIP PU,18,6,YURI,YURI,SUMMER,DIP,LADIES,image248.jpeg,extracted-images/SUMMER_DIP_PU/row_18/01.jpeg,172,102,3771,ad1b770815eacb4fc2f439453c5d59260f8019dcc4836ff5792c82b337d14960,1,drawing_anchor,HIGH,VERIFIED,
SUMMER_DIP_PVC__row_3__image249.jpeg__a0,SUMMER DIP PVC,3,6,NOVA,NOVA,SUMMER,DIP,LADIES,image249.jpeg,extracted-images/SUMMER_DIP_PVC/row_3/01.jpeg,153,95,3828,542d4bb99a7a41f45ac67f1c50bc15a27a7e194f6f583b212ad8119c22ff1a59,1,drawing_anchor,HIGH,VERIFIED,
SUMMER_DIP_PVC__row_4__image250.jpeg__a1,SUMMER DIP PVC,4,6,CHIK,CHIK,SUMMER,DIP,LADIES,image250.jpeg,extracted-images/SUMMER_DIP_PVC/row_4/01.jpeg,152,95,3613,1d409ea4ee9f34864548156f135e95e5ff9f60319d6815f0d49f3cf1e447f4d4,1,drawing_anchor,HIGH,VERIFIED,
SUMMER_DIP_PVC__row_5__image251.jpeg__a2,SUMMER DIP PVC,5,6,CALGORY,CALGORY,SUMMER,DIP,LADIES,image251.jpeg,extracted-images/SUMMER_DIP_PVC/row_5/01.jpeg,148,68,3426,754717e6171c714ad477b541894e9a689dbad0ae04ad7d3f3bf79f4c81760aed,1,drawing_anchor,HIGH,VERIFIED,
SUMMER_DIP_PVC__row_6__image252.jpeg__a3,SUMMER DIP PVC,6,6,RIPPLE,RIPPLE,SUMMER,DIP,LADIES,image252.jpeg,extracted-images/SUMMER_DIP_PVC/row_6/03.jpeg,163,98,3845,0f0edbc7271046d29fcb1cb1c3e9f2e64e0d71ca850570bba4971fb1bdb57572,3,drawing_anchor,HIGH,VERIFIED,
SUMMER_DIP_PVC__row_8__image253.jpeg__a4,SUMMER DIP PVC,8,6,GL001,GL001,SUMMER,DIP,KIDS,image253.jpeg,extracted-images/SUMMER_DIP_PVC/row_8/01.jpeg,163,47,2332,b50702d92ca30aebb5a5c08706181474ac029fcbc7781263c83b08532e009ad7,1,drawing_anchor,HIGH,VERIFIED,
SUMMER_DIP_PVC__row_6__image254.png__a5,SUMMER DIP PVC,6,6,RIPPLE,RIPPLE,SUMMER,DIP,LADIES,image254.png,extracted-images/SUMMER_DIP_PVC/row_6/02.png,4032,3024,10140614,ede4c2518a3ddfef13723d036947d71bd65fabc72bb50694c83045c6c499c988,2,drawing_anchor,HIGH,VERIFIED,
SUMMER_DIP_PVC__row_8__image255.jpeg__a6,SUMMER DIP PVC,8,6,GL001,GL001,SUMMER,DIP,KIDS,image255.jpeg,extracted-images/SUMMER_DIP_PVC/row_8/02.jpeg,161,56,2453,3c29cd8399328d2012a889405aa85ec67f2f86dc079f5d0c3d01634ca1b76847,2,drawing_anchor,HIGH,VERIFIED,
SUMMER_DIP_PVC__row_5__image256.jpeg__a7,SUMMER DIP PVC,5,6,CALGORY,CALGORY,SUMMER,DIP,LADIES,image256.jpeg,extracted-images/SUMMER_DIP_PVC/row_5/02.jpeg,146,31,1529,a5f13396048368a25f3304f1af049ebef2936b0b8a6e8d78f4fe81692814ab55,2,drawing_anchor,HIGH,VERIFIED,
SUMMER_DIP_PVC__row_18__image54.png__a8,SUMMER DIP PVC,18,6,,,,,,image54.png,extracted-images/_unmatched/SUMMER_DIP_PVC/row_18/02.png,821,383,312585,e47807f306558bac95c1a82fe5cadccde56c898b0126f0464a6477929428dc56,2,unmatched,LOW,UNMATCHED,degenerate anchor extent (0 width/height); No article row at anchored excel_row
SUMMER_DIP_PVC__row_18__image55.png__a9,SUMMER DIP PVC,18,4,,,,,,image55.png,extracted-images/_unmatched/SUMMER_DIP_PVC/row_18/01.png,386,614,234961,b5f3db030fe05a641532a968899087274c53ca7f66375af936ef2cd9454e6067,1,unmatched,LOW,UNMATCHED,No article row at anchored excel_row
SUMMER_DIP_PVC__row_6__image257.jpeg__a11,SUMMER DIP PVC,6,6,RIPPLE,RIPPLE,SUMMER,DIP,LADIES,image257.jpeg,extracted-images/SUMMER_DIP_PVC/row_6/01.jpeg,106,174,4993,c0dda1cb4159bc328b1d8bf2885d5467cc3240fd1002da030c5f86831d035f09,1,drawing_anchor,HIGH,VERIFIED,
